food_id,food_name_original,food_name_normalized,source,source_url,category_original,category_normalized,water_g,energy_kcal,protein_g,fat_g,carbohydrate_g,fiber_g,ash_g,calcium_mg,phosphorus_mg,iron_mg,sodium_mg,potassium_mg,copper_mg,zinc_mg,retinol_mcg,beta_carotene_mcg,carotene_total_mcg,vitamin_a_mcg,vitamin_b1_mg,vitamin_b2_mg,niacin_mg,vitamin_c_mg,edible_portion_percent,unit_basis,scraped_at,cleaned_at,missing_nutrient_count,completeness_score,notes
myfcd_0001,"BISCUIT, COCONUT","biscuit, coconut",MyFCD,https://myfcd.moh.gov.my/myfcdcurrent/index.php/site/detail_product/R101061/0/20/0/0/0,Cereals and grain products,cereals and grain products,2.2267,450.4433,8.3233,17.4433,65.04,5.2,1.7667,,,,,,,,,,,,,,,,,per 100g,2026-08-02T22:00:40.082385Z,2026-08-02T22:00:40.082385Z,16,0.3043,"{""dg"":"""",""dc"":""""}"
myfcd_0002,"BISCUIT, LEMON PUFF","biscuit, lemon puff",MyFCD,https://myfcd.moh.gov.my/myfcdcurrent/index.php/site/detail_product/R101069/0/20/0/0/0,Cereals and grain products,cereals and grain products,2.66,454.685,7.87,18.7983,63.505,5.1667,2.0,83.6667,107.3333,1.49,518.6667,71.75,0.0001,0.5667,0.04,0.0,,,0.9127,0.0967,0.0,0.0,,per 100g,2026-08-02T22:00:40.082385Z,2026-08-02T22:00:40.082385Z,3,0.8696,"{""dg"":"""",""dc"":""""}"
myfcd_0003,"BISCUIT, MARIE","biscuit, marie",MyFCD,https://myfcd.moh.gov.my/myfcdcurrent/index.php/site/detail_product/R101070/0/20/0/0/0,Cereals and grain products,cereals and grain products,3.8933,446.16,8.4633,16.8933,65.0667,3.5833,2.1,70.5,100.1667,1.55,575.5,95.6,0.04,0.5783,0.0,0.0,,,0.155,0.085,0.5183,0.0,,per 100g,2026-08-02T22:00:40.082385Z,2026-08-02T22:00:40.082385Z,3,0.8696,"{""dg"":"""",""dc"":""""}"
myfcd_0004,"BISCUIT, MILK (BISKUT SUSU)","biscuit, milk (biskut susu)",MyFCD,https://myfcd.moh.gov.my/myfcdcurrent/index.php/site/detail_product/R101071/0/20/0/0/0,Cereals and grain products,cereals and grain products,2.8317,472.5,8.825,21.4183,58.2467,5.7633,2.9167,391.5,116.0,3.0833,641.1667,123.0,0.0001,0.5983,0.0468,0.0,,,0.0767,0.2783,0.0,0.0,,per 100g,2026-08-02T22:00:40.082385Z,2026-08-02T22:00:40.082385Z,3,0.8696,"{""dg"":"""",""dc"":""""}"
myfcd_0005,CROISSANT,croissant,MyFCD,https://myfcd.moh.gov.my/myfcdcurrent/index.php/site/detail_product/R101081/0/20/0/0/0,Cereals and grain products,cereals and grain products,16.28,413.58,8.6725,20.25,37.2469,4.2375,1.4,,85.5,,,,,,0.0,0.0,,,,,,,,per 100g,2026-08-02T22:00:40.082385Z,2026-08-02T22:00:40.082385Z,13,0.4348,"{""dg"":"""",""dc"":""""}"
myfcd_0006,"BREAD, RAISIN (ROTI KISMIS)","bread, raisin (roti kismis)",MyFCD,https://myfcd.moh.gov.my/myfcdcurrent/index.php/site/detail_product/R101086/0/20/0/0/0,Cereals and grain products,cereals and grain products,3.062,449.212,9.924,19.252,59.062,6.5,2.2,5116.8,32956.4,304.04,102198.4,23128.2,200.3205,2608.8,0.0118,0.0,,,0.172,5.342,2.364,0.0,,per 100g,2026-08-02T22:00:40.082385Z,2026-08-02T22:00:40.082385Z,3,0.8696,"{""dg"":"""",""dc"":""""}"
myfcd_0007,"BUN, CHEESE (BAN KEJU)","bun, cheese (ban keju)",MyFCD,https://myfcd.moh.gov.my/myfcdcurrent/index.php/site/detail_product/R101094/0/20/0/0/0,Cereals and grain products,cereals and grain products,16.7817,415.3967,12.2167,20.2567,46.0567,2.8767,1.8133,,,,,,,,,,,,,,,,,per 100g,2026-08-02T22:00:40.082385Z,2026-08-02T22:00:40.082385Z,16,0.3043,"{""dg"":"""",""dc"":""""}"
myfcd_0008,"Bun, coconut (Ban kelapa)","bun, coconut (ban kelapa)",MyFCD,https://myfcd.moh.gov.my/myfcdcurrent/index.php/site/detail_product/R101096/0/20/0/0/0,Cereals and grain products,cereals and grain products,29.3667,,7.2167,6.8833,51.05,4.4333,1.05,65.2667,64.9,1.0,197.5333,105.8667,0.0001,0.8333,,,,,,,,3.4833,,per 100g,2026-08-02T22:00:40.082385Z,2026-08-02T22:00:40.082385Z,9,0.6087,
myfcd_0009,"Bun, kaya (Ban kaya)","bun, kaya (ban kaya)",MyFCD,https://myfcd.moh.gov.my/myfcdcurrent/index.php/site/detail_product/R101099/0/20/0/0/0,Cereals and grain products,cereals and grain products,30.4,,7.1333,2.9,54.7333,3.9333,0.9,61.9,58.8,0.6667,170.3333,80.4667,0.0001,0.7333,,,,,,,,2.0667,,per 100g,2026-08-02T22:00:40.082385Z,2026-08-02T22:00:40.082385Z,9,0.6087,
myfcd_0010,"Bun, potato (Ban kentang)","bun, potato (ban kentang)",MyFCD,https://myfcd.moh.gov.my/myfcdcurrent/index.php/site/detail_product/R101100/0/20/0/0/0,Cereals and grain products,cereals and grain products,29.65,,9.15,8.9833,46.2667,4.65,1.3,45.15,89.1,0.9167,274.2,140.5667,0.0001,0.95,0.0355,,,,,,,2.85,,per 100g,2026-08-02T22:00:40.082385Z,2026-08-02T22:00:40.082385Z,8,0.6522,
myfcd_0011,"Bun, red beans (Ban kacang merah)","bun, red beans (ban kacang merah)",MyFCD,https://myfcd.moh.gov.my/myfcdcurrent/index.php/site/detail_product/R101102/0/20/0/0/0,Cereals and grain products,cereals and grain products,28.0333,,7.9333,5.8333,52.4,4.7,1.1,79.9667,70.6333,1.0667,169.1333,130.2,0.0001,0.9333,,,,,,,,2.9,,per 100g,2026-08-02T22:00:40.082385Z,2026-08-02T22:00:40.082385Z,9,0.6087,
myfcd_0012,"COOKIES, PEANUT","cookies, peanut",MyFCD,https://myfcd.moh.gov.my/myfcdcurrent/index.php/site/detail_product/R101109/0/20/0/0/0,Cereals and grain products,cereals and grain products,1.2733,508.4933,11.6133,26.1867,56.59,2.9,1.4367,,,,,,,,,,,,,,,,,per 100g,2026-08-02T22:00:40.082385Z,2026-08-02T22:00:40.082385Z,16,0.3043,"{""dg"":"""",""dc"":""""}"
myfcd_0013,"MUFFIN, CHOCOLATE","muffin, chocolate",MyFCD,https://myfcd.moh.gov.my/myfcdcurrent/index.php/site/detail_product/R101112/0/20/0/0/0,Cereals and grain products,cereals and grain products,10.92,441.7217,7.5017,19.4483,59.17,3.8967,1.0117,52.1667,85.6667,,322.3333,144.3333,,,0.0,0.0,,,,,,,,per 100g,2026-08-02T22:00:40.082385Z,2026-08-02T22:00:40.082385Z,10,0.5652,"{""dg"":"""",""dc"":""""}"
myfcd_0014,"MUFFIN, VANILLA","muffin, vanilla",MyFCD,https://myfcd.moh.gov.my/myfcdcurrent/index.php/site/detail_product/R101113/0/20/0/0/0,Cereals and grain products,cereals and grain products,,,,,,,,,,,,,,,,,,,,,,,,per 100g,2026-08-02T22:00:40.082385Z,2026-08-02T22:00:40.082385Z,23,0.0,"{""dg"":"""",""dc"":""""}"
myfcd_0015,"CEREAL, BREAKFAST, BRAN FLAKES","cereal, breakfast, bran flakes",MyFCD,https://myfcd.moh.gov.my/myfcdcurrent/index.php/site/detail_product/R101115/0/20/0/0/0,Cereals and grain products,cereals and grain products,4.175,263.45,14.595,1.59,47.69,27.52,4.43,,,,,,,,,,,,,,,,,per 100g,2026-08-02T22:00:40.082385Z,2026-08-02T22:00:40.082385Z,16,0.3043,"{""dg"":"""",""dc"":""""}"
myfcd_0016,"CEREAL, BREAKFAST, CHOCOLATE FLAVOURED","cereal, breakfast, chocolate flavoured",MyFCD,https://myfcd.moh.gov.my/myfcdcurrent/index.php/site/detail_product/R101116/0/20/0/0/0,Cereals and grain products,cereals and grain products,2.6033,359.31,6.3767,0.35,82.6633,5.5633,2.4433,,,,,,,,,,,,,,,,,per 100g,2026-08-02T22:00:40.082385Z,2026-08-02T22:00:40.082385Z,16,0.3043,"{""dg"":"""",""dc"":""""}"
myfcd_0017,"CEREAL, BREAKFAST, GRANOLA","cereal, breakfast, granola",MyFCD,https://myfcd.moh.gov.my/myfcdcurrent/index.php/site/detail_product/R101117/0/20/0/0/0,Cereals and grain products,cereals and grain products,3.64,436.9133,9.44,18.1533,58.9433,8.4767,1.3467,,,,,,,,,,,,,,,,,per 100g,2026-08-02T22:00:40.082385Z,2026-08-02T22:00:40.082385Z,16,0.3043,"{""dg"":"""",""dc"":""""}"
myfcd_0018,"CEREAL, BREAKFAST, MULTICOLOURED, SUGAR-FILLED RING SHAPED","cereal, breakfast, multicoloured, sugar-filled ring shaped",MyFCD,https://myfcd.moh.gov.my/myfcdcurrent/index.php/site/detail_product/R101118/0/20/0/0/0,Cereals and grain products,cereals and grain products,3.4233,366.3533,7.21,1.0733,81.9633,4.3767,1.9533,,,,,,,,,,,,,,,,,per 100g,2026-08-02T22:00:40.082385Z,2026-08-02T22:00:40.082385Z,16,0.3043,"{""dg"":"""",""dc"":""""}"
myfcd_0019,"CEREAL, BREAKFAST, OAT/MULTIGRAIN","cereal, breakfast, oat/multigrain",MyFCD,https://myfcd.moh.gov.my/myfcdcurrent/index.php/site/detail_product/R101119/0/20/0/0/0,Cereals and grain products,cereals and grain products,,,,,,,,,,,,,,,,,,,,,,,,per 100g,2026-08-02T22:00:40.082385Z,2026-08-02T22:00:40.082385Z,23,0.0,"{""dg"":"""",""dc"":""""}"
myfcd_0020,"COOKIES/CRACKERS, SANDWICH WITH FLAVOURED CREAM OREO","cookies/crackers, sandwich with flavoured cream oreo",MyFCD,https://myfcd.moh.gov.my/myfcdcurrent/index.php/site/detail_product/R101121/0/20/0/0/0,Cereals and grain products,cereals and grain products,1.3833,462.88,5.7867,18.4267,68.4733,3.9567,1.9733,,,,,,,,,,,,,,,,,per 100g,2026-08-02T22:00:40.082385Z,2026-08-02T22:00:40.082385Z,16,0.3043,"{""dg"":"""",""dc"":""""}"
myfcd_0021,Breadfruits chips (Kerepek sukun),breadfruits chips (kerepek sukun),MyFCD,https://myfcd.moh.gov.my/myfcdcurrent/index.php/site/detail_product/R102002/0/20/0/0/0,"Starchy roots, tubers and products","starchy roots, tubers and products",1.015,,2.19,40.5425,,8.2625,2.1875,72.0,51.25,,309.0,901.0,,,,,,,,,,,,per 100g,2026-08-02T22:00:40.082385Z,2026-08-02T22:00:40.082385Z,14,0.3913,
myfcd_0022,"Flour, sago (Tepung sagu)","flour, sago (tepung sagu)",MyFCD,https://myfcd.moh.gov.my/myfcdcurrent/index.php/site/detail_product/R102004/0/20/0/0/0,"Starchy roots, tubers and products","starchy roots, tubers and products",10.5633,,0.2017,0.0983,,2.3917,0.115,3.1667,10.6667,1.28,7.0,12.5,0.0002,0.31,,,,,,,,,,per 100g,2026-08-02T22:00:40.082385Z,2026-08-02T22:00:40.082385Z,11,0.5217,
myfcd_0023,"Potato chips, spicy (Keropok ubi kentang berperisa rempah pedas)","potato chips, spicy (keropok ubi kentang berperisa rempah pedas)",MyFCD,https://myfcd.moh.gov.my/myfcdcurrent/index.php/site/detail_product/R102007/0/20/0/0/0,"Starchy roots, tubers and products","starchy roots, tubers and products",2.62,,6.052,26.45,,6.276,3.348,1.6,141.0,1.466,662.6,742.6,0.0007,0.692,,,,,,,,,,per 100g,2026-08-02T22:00:40.082385Z,2026-08-02T22:00:40.082385Z,11,0.5217,
myfcd_0024,"Sweet potato, red, chips (Kerepek ubi keledek)","sweet potato, red, chips (kerepek ubi keledek)",MyFCD,https://myfcd.moh.gov.my/myfcdcurrent/index.php/site/detail_product/R102012/0/20/0/0/0,"Starchy roots, tubers and products","starchy roots, tubers and products",2.2425,,3.815,19.1625,,5.375,2.3125,55.6667,112.25,,178.6667,606.0,,,,,,,,,,,,per 100g,2026-08-02T22:00:40.082385Z,2026-08-02T22:00:40.082385Z,14,0.3913,
myfcd_0025,"TAPIOCA CHIPS, BARBEQUE (KEREPEK UBI KAYU PERISA BARBEQUE)","tapioca chips, barbeque (kerepek ubi kayu perisa barbeque)",MyFCD,https://myfcd.moh.gov.my/myfcdcurrent/index.php/site/detail_product/R102015/0/20/0/0/0,"Starchy roots, tubers and products","starchy roots, tubers and products",1.348,,1.758,21.79,,7.03,2.542,46.8,78.8,,486.0,454.2,,,,,,,,,,,,per 100g,2026-08-02T22:00:40.082385Z,2026-08-02T22:00:40.082385Z,14,0.3913,"{""dg"":"""",""dc"":""""}"
myfcd_0026,"TAPIOCA CHIPS, BLACK PEPPER (KEREPEK UBI KAYU PERISA LADA HITAM)","tapioca chips, black pepper (kerepek ubi kayu perisa lada hitam)",MyFCD,https://myfcd.moh.gov.my/myfcdcurrent/index.php/site/detail_product/R102016/0/20/0/0/0,"Starchy roots, tubers and products","starchy roots, tubers and products",0.9967,,0.8667,24.5667,,6.72,2.23,46.3333,80.6667,,410.6667,516.6667,,,,,,,,,,,,per 100g,2026-08-02T22:00:40.082385Z,2026-08-02T22:00:40.082385Z,14,0.3913,"{""dg"":"""",""dc"":""""}"
myfcd_0027,"TAPIOCA CHIPS, PLAIN, SALTED (KEREPEK UBI KAYU, BERGARAM)","tapioca chips, plain, salted (kerepek ubi kayu, bergaram)",MyFCD,https://myfcd.moh.gov.my/myfcdcurrent/index.php/site/detail_product/R102017/0/20/0/0/0,"Starchy roots, tubers and products","starchy roots, tubers and products",1.09,,1.95,23.2333,,5.765,2.4467,,84.6667,,,,,,,,,,,,,,,per 100g,2026-08-02T22:00:40.082385Z,2026-08-02T22:00:40.082385Z,17,0.2609,"{""dg"":"""",""dc"":""""}"
myfcd_0028,"TAPIOCA CHIPS, PLAIN, UNSALTED (KEREPEK UBI KAYU, TANPA GARAM)","tapioca chips, plain, unsalted (kerepek ubi kayu, tanpa garam)",MyFCD,https://myfcd.moh.gov.my/myfcdcurrent/index.php/site/detail_product/R102018/0/20/0/0/0,"Starchy roots, tubers and products","starchy roots, tubers and products",1.3633,,1.3,26.85,,6.0433,1.77,71.2,87.1667,,384.2,591.8,,,,,,,,,,,,per 100g,2026-08-02T22:00:40.082385Z,2026-08-02T22:00:40.082385Z,14,0.3913,"{""dg"":"""",""dc"":""""}"
myfcd_0029,"TAPIOCA CHIPS, SPICY (KEREPEK UBI KAYU PEDAS)","tapioca chips, spicy (kerepek ubi kayu pedas)",MyFCD,https://myfcd.moh.gov.my/myfcdcurrent/index.php/site/detail_product/R102019/0/20/0/0/0,"Starchy roots, tubers and products","starchy roots, tubers and products",0.78,,1.2433,21.425,,6.3783,2.0717,1.8333,63.5,1.286,403.2,355.5,0.0019,0.584,,,,,,,,,,per 100g,2026-08-02T22:00:40.082385Z,2026-08-02T22:00:40.082385Z,11,0.5217,"{""dg"":"""",""dc"":""""}"
myfcd_0030,BLACK EYE BEAN (KACANG MATA HITAM),black eye bean (kacang mata hitam),MyFCD,https://myfcd.moh.gov.my/myfcdcurrent/index.php/site/detail_product/R103003/0/20/0/0/0,Legumes and legume products,legumes and legume products,10.965,,20.2583,0.5417,,19.9917,3.6417,84.6,344.8333,,19.2,1149.1667,,,0.0,0.0,,,,,,,,per 100g,2026-08-02T22:00:40.082385Z,2026-08-02T22:00:40.082385Z,12,0.4783,"{""dg"":"""",""dc"":""""}"
myfcd_0031,CAROB FLOUR (TEPUNG KACANG KUDA),carob flour (tepung kacang kuda),MyFCD,https://myfcd.moh.gov.my/myfcdcurrent/index.php/site/detail_product/R103004/0/20/0/0/0,Legumes and legume products,legumes and legume products,10.54,,21.1133,1.7383,,11.3067,2.5733,1.5,303.8333,2.6417,11.2,592.6667,0.0006,2.3017,0.0,0.0,,,,,,,,per 100g,2026-08-02T22:00:40.082385Z,2026-08-02T22:00:40.082385Z,9,0.6087,"{""dg"":"""",""dc"":""""}"
myfcd_0032,"SAUCE, SOYA, DARK","sauce, soya, dark",MyFCD,https://myfcd.moh.gov.my/myfcdcurrent/index.php/site/detail_product/R103033/0/20/0/0/0,Legumes and legume products,legumes and legume products,8.095,347.3017,31.926,19.2217,16.9717,24.2283,4.8783,282.2,487.4,,25.0,2275.4,,,0.0,0.0,,,,,,,,per 100g,2026-08-02T22:00:40.082385Z,2026-08-02T22:00:40.082385Z,10,0.5652,"{""dg"":"""",""dc"":""""}"
myfcd_0033,"SAUCE, SOYA, LIGHT","sauce, soya, light",MyFCD,https://myfcd.moh.gov.my/myfcdcurrent/index.php/site/detail_product/R103034/0/20/0/0/0,Legumes and legume products,legumes and legume products,59.9633,99.64,2.68,0.0,22.23,2.4067,12.72,,,,,,,,,,,,,,,,,per 100g,2026-08-02T22:00:40.082385Z,2026-08-02T22:00:40.082385Z,16,0.3043,"{""dg"":"""",""dc"":""""}"
myfcd_0034,PEANUT BUTTER CHOCOLATE STRIPES,peanut butter chocolate stripes,MyFCD,https://myfcd.moh.gov.my/myfcdcurrent/index.php/site/detail_product/R104034/0/20/0/0/0,"Nuts, seeds and products","nuts, seeds and products",2.18,513.7683,20.3833,45.275,9.966,22.615,3.3567,161.8333,367.3333,,386.1667,1317.0,,,0.0,0.0,,,,,,,,per 100g,2026-08-02T22:00:40.082385Z,2026-08-02T22:00:40.082385Z,10,0.5652,"{""dg"":"""",""dc"":""""}"
myfcd_0035,BABY CORN (JAGUNG SAYUR),baby corn (jagung sayur),MyFCD,https://myfcd.moh.gov.my/myfcdcurrent/index.php/site/detail_product/R105006/0/20/0/0/0,Vegetables and vegetable products,vegetables and vegetable products,91.05,37.0,2.1667,0.1,6.1167,1.4167,0.55,15.3667,40.0333,0.3,3.5833,133.3333,0.0001,0.4833,,,,,,,,8.9,,per 100g,2026-08-02T22:00:40.082385Z,2026-08-02T22:00:40.082385Z,8,0.6522,"{""dg"":"""",""dc"":""""}"
myfcd_0036,"CAPSICUM, GREEN (LADA BENGALA, HIJAU)","capsicum, green (lada bengala, hijau)",MyFCD,https://myfcd.moh.gov.my/myfcdcurrent/index.php/site/detail_product/R105022/0/20/0/0/0,Vegetables and vegetable products,vegetables and vegetable products,95.3,20.3333,0.6833,0.15,3.4,1.3,0.45,9.5333,15.7667,0.4333,14.35,99.9833,0.0001,0.1667,,,,,,,,4.6333,,per 100g,2026-08-02T22:00:40.082385Z,2026-08-02T22:00:40.082385Z,8,0.6522,"{""dg"":"""",""dc"":""""}"
myfcd_0037,"CAPSICUM, RED (LADA BENGALA, MERAH)","capsicum, red (lada bengala, merah)",MyFCD,https://myfcd.moh.gov.my/myfcdcurrent/index.php/site/detail_product/R105023/0/20/0/0/0,Vegetables and vegetable products,vegetables and vegetable products,93.4667,28.8333,0.8667,0.1833,4.9333,1.95,0.5333,9.3167,20.7167,0.75,17.9,134.2167,0.0001,0.5,,,,,,,,11.0,,per 100g,2026-08-02T22:00:40.082385Z,2026-08-02T22:00:40.082385Z,8,0.6522,"{""dg"":"""",""dc"":""""}"
myfcd_0038,"CAPSICUM, YELLOW (LADA BENGALA, KUNING)","capsicum, yellow (lada bengala, kuning)",MyFCD,https://myfcd.moh.gov.my/myfcdcurrent/index.php/site/detail_product/R105024/0/20/0/0/0,Vegetables and vegetable products,vegetables and vegetable products,93.1167,28.6667,0.85,0.0333,5.3667,1.8167,0.6333,7.2167,16.0,0.5333,13.15,132.0667,0.0001,0.1833,,,,,,,,11.4,,per 100g,2026-08-02T22:00:40.082385Z,2026-08-02T22:00:40.082385Z,8,0.6522,"{""dg"":"""",""dc"":""""}"
myfcd_0039,"SAUCE, CHILI THAI","sauce, chili thai",MyFCD,https://myfcd.moh.gov.my/myfcdcurrent/index.php/site/detail_product/R105150/0/20/0/0/0,Vegetables and vegetable products,vegetables and vegetable products,,,,,,,,,,,,,,,,,,,,,,,,per 100g,2026-08-02T22:00:40.082385Z,2026-08-02T22:00:40.082385Z,23,0.0,"{""dg"":"""",""dc"":""""}"
myfcd_0040,"DRAGON FRUIT, RED (BUAH NAGA, ISI MERAH)","dragon fruit, red (buah naga, isi merah)",MyFCD,https://myfcd.moh.gov.my/myfcdcurrent/index.php/site/detail_product/R106035/0/20/0/0/0,Fruits and fruit products,fruits and fruit products,86.7667,51.3333,1.3667,0.0667,10.9,0.8667,0.5667,8.9667,23.9333,0.1333,16.3,167.0667,0.0002,0.4667,,,,,,,,2.3667,,per 100g,2026-08-02T22:00:40.082385Z,2026-08-02T22:00:40.082385Z,8,0.6522,"{""dg"":"""",""dc"":""""}"
myfcd_0041,"DRAGON FRUIT, WHITE (BUAH NAGA, ISI PUTIH)","dragon fruit, white (buah naga, isi putih)",MyFCD,https://myfcd.moh.gov.my/myfcdcurrent/index.php/site/detail_product/R106036/0/20/0/0/0,Fruits and fruit products,fruits and fruit products,87.05,52.5,1.6,0.15,10.55,1.1,0.65,7.75,24.5,0.2,16.95,181.95,0.0001,0.45,,,,,,,,2.55,,per 100g,2026-08-02T22:00:40.082385Z,2026-08-02T22:00:40.082385Z,8,0.6522,"{""dg"":"""",""dc"":""""}"
myfcd_0042,HONEYDEW (TEMBIKAI SUSU),honeydew (tembikai susu),MyFCD,https://myfcd.moh.gov.my/myfcdcurrent/index.php/site/detail_product/R106051/0/20/0/0/0,Fruits and fruit products,fruits and fruit products,94.5,23.5,0.35,0.35,4.325,0.9,0.475,9.85,12.55,0.175,24.4,92.625,0.0001,0.225,,,,,,,,2.575,,per 100g,2026-08-02T22:00:40.082385Z,2026-08-02T22:00:40.082385Z,8,0.6522,"{""dg"":"""",""dc"":""""}"
myfcd_0043,LYCHEE IN TIN,lychee in tin,MyFCD,https://myfcd.moh.gov.my/myfcdcurrent/index.php/site/detail_product/R106073/0/20/0/0/0,Fruits and fruit products,fruits and fruit products,71.1733,114.34,0.1267,0.02,28.4133,0.22,0.0467,,,,,,,,,,,,,,,,,per 100g,2026-08-02T22:00:40.082385Z,2026-08-02T22:00:40.082385Z,16,0.3043,"{""dg"":"""",""dc"":""""}"
myfcd_0044,POMEGRANATE (DELIMA),pomegranate (delima),MyFCD,https://myfcd.moh.gov.my/myfcdcurrent/index.php/site/detail_product/R106113/0/20/0/0/0,Fruits and fruit products,fruits and fruit products,82.5,80.0,1.5333,0.8,14.4,4.4667,0.7667,12.2,31.0,0.1667,20.7333,153.8667,0.0002,0.3667,,,,,,,,5.1333,,per 100g,2026-08-02T22:00:40.082385Z,2026-08-02T22:00:40.082385Z,8,0.6522,"{""dg"":"""",""dc"":""""}"
myfcd_0045,ASPARTAME (ASPARTAM),aspartame (aspartam),MyFCD,https://myfcd.moh.gov.my/myfcdcurrent/index.php/site/detail_product/R107001/0/20/0/0/0,Sugars and syrups,sugars and syrups,,,,,,,,21.4633,3.3687,,24.6667,64.61,,,0.0,0.0,,,,,,,,per 100g,2026-08-02T22:00:40.082385Z,2026-08-02T22:00:40.082385Z,17,0.2609,"{""dg"":"""",""dc"":""""}"
myfcd_0046,ORANGE FLAVOURED CANDY (GULA-GULA PERISA OREN),orange flavoured candy (gula-gula perisa oren),MyFCD,https://myfcd.moh.gov.my/myfcdcurrent/index.php/site/detail_product/R107002/0/20/0/0/0,Sugars and syrups,sugars and syrups,,,,,,,,18.595,1.4572,,79.7,2.895,,,0.0,0.0,,,,,,,,per 100g,2026-08-02T22:00:40.082385Z,2026-08-02T22:00:40.082385Z,17,0.2609,"{""dg"":"""",""dc"":""""}"
myfcd_0047,STRAWBERRY FLAVOURED CANDY (GULA-GULA PERISA STRAWBERI),strawberry flavoured candy (gula-gula perisa strawberi),MyFCD,https://myfcd.moh.gov.my/myfcdcurrent/index.php/site/detail_product/R107004/0/20/0/0/0,Sugars and syrups,sugars and syrups,,,,,,,,23.1767,1.5423,,45.0167,4.23,,,0.0,0.0,,,,,,,,per 100g,2026-08-02T22:00:40.082385Z,2026-08-02T22:00:40.082385Z,17,0.2609,"{""dg"":"""",""dc"":""""}"
myfcd_0048,CORDIAL ROOT BEER (KORDIAL RUT BIR),cordial root beer (kordial rut bir),MyFCD,https://myfcd.moh.gov.my/myfcdcurrent/index.php/site/detail_product/R107005/0/20/0/0/0,Sugars and syrups,sugars and syrups,44.145,,0.1467,0.0,,,0.065,1.9405,0.3094,0.287,2.405,0.4225,0.0001,0.193,0.0,0.0,,,,,,,,per 100g,2026-08-02T22:00:40.082385Z,2026-08-02T22:00:40.082385Z,10,0.5652,"{""dg"":"""",""dc"":""""}"
myfcd_0049,"CORDIAL, SOURSOP (KORDIAL DURIAN BELANDA)","cordial, soursop (kordial durian belanda)",MyFCD,https://myfcd.moh.gov.my/myfcdcurrent/index.php/site/detail_product/R107006/0/20/0/0/0,Sugars and syrups,sugars and syrups,35.1867,,0.1157,0.0,,28.7491,0.12,2.6382,1.5933,0.3377,19.6933,8.8828,0.0001,0.1087,0.5155,0.0,,,,,,,,per 100g,2026-08-02T22:00:40.082385Z,2026-08-02T22:00:40.082385Z,9,0.6087,"{""dg"":"""",""dc"":""""}"
myfcd_0050,"CORDIAL, GRAPE (KORDIAL ANGGUR)","cordial, grape (kordial anggur)",MyFCD,https://myfcd.moh.gov.my/myfcdcurrent/index.php/site/detail_product/R107007/0/20/0/0/0,Sugars and syrups,sugars and syrups,54.1283,,0.0233,0.0,,8.1962,0.1383,2.8922,1.6241,0.5332,33.4475,1.8453,0.0001,0.2074,0.0,0.0,,,,,,,,per 100g,2026-08-02T22:00:40.082385Z,2026-08-02T22:00:40.082385Z,9,0.6087,"{""dg"":"""",""dc"":""""}"
myfcd_0051,"CORDIAL, GUAVA (KORDIAL JAMBU BATU)","cordial, guava (kordial jambu batu)",MyFCD,https://myfcd.moh.gov.my/myfcdcurrent/index.php/site/detail_product/R107008/0/20/0/0/0,Sugars and syrups,sugars and syrups,33.11,,0.0,0.0,,,0.15,1.29,1.4447,0.3237,39.2575,19.179,0.0001,0.12,0.363,0.0,,,,,,,,per 100g,2026-08-02T22:00:40.082385Z,2026-08-02T22:00:40.082385Z,10,0.5652,"{""dg"":"""",""dc"":""""}"
myfcd_0052,"CORDIAL, KIWI (KORDIAL KIWI)","cordial, kiwi (kordial kiwi)",MyFCD,https://myfcd.moh.gov.my/myfcdcurrent/index.php/site/detail_product/R107009/0/20/0/0/0,Sugars and syrups,sugars and syrups,31.5925,,0.0565,0.0,,3.6721,0.09,1.5502,1.0506,0.2423,26.75,5.2115,0.0001,1.292,0.0,0.0,,,,,,,,per 100g,2026-08-02T22:00:40.082385Z,2026-08-02T22:00:40.082385Z,9,0.6087,"{""dg"":"""",""dc"":""""}"
myfcd_0053,"CORDIAL, LIME (KORDIAL LIMAU NIPIS)","cordial, lime (kordial limau nipis)",MyFCD,https://myfcd.moh.gov.my/myfcdcurrent/index.php/site/detail_product/R107010/0/20/0/0/0,Sugars and syrups,sugars and syrups,65.7175,,0.0998,0.0,,4.5209,0.09,2.4475,1.5961,0.255,16.545,1.9672,0.0001,0.1387,0.0,0.0,,,,,,,,per 100g,2026-08-02T22:00:40.082385Z,2026-08-02T22:00:40.082385Z,9,0.6087,"{""dg"":"""",""dc"":""""}"
myfcd_0054,"CORDIAL, MANGO (KORDIAL MANGGA)","cordial, mango (kordial mangga)",MyFCD,https://myfcd.moh.gov.my/myfcdcurrent/index.php/site/detail_product/R107011/0/20/0/0/0,Sugars and syrups,sugars and syrups,53.094,,0.0513,0.0,,2.3511,0.1333,4.4493,3.4525,0.2696,15.7025,35.517,0.0001,0.2042,0.0,1.3037,,,,,,,,per 100g,2026-08-02T22:00:40.082385Z,2026-08-02T22:00:40.082385Z,9,0.6087,"{""dg"":"""",""dc"":""""}"
myfcd_0055,"CORDIAL, ORANGE (KORDIAL OREN)","cordial, orange (kordial oren)",MyFCD,https://myfcd.moh.gov.my/myfcdcurrent/index.php/site/detail_product/R107012/0/20/0/0/0,Sugars and syrups,sugars and syrups,52.908,,0.0894,0.0,,16.4711,0.0333,1.5952,0.7252,0.2296,24.368,4.4788,0.0001,0.2767,0.0,0.0,,,,,,,,per 100g,2026-08-02T22:00:40.082385Z,2026-08-02T22:00:40.082385Z,9,0.6087,"{""dg"":"""",""dc"":""""}"
myfcd_0056,"CORDIAL, PINEAPPLE(KORDIAL NENAS)","cordial, pineapple(kordial nenas)",MyFCD,https://myfcd.moh.gov.my/myfcdcurrent/index.php/site/detail_product/R107013/0/20/0/0/0,Sugars and syrups,sugars and syrups,31.4275,,0.1936,0.0,,9.1781,0.145,1.8173,4.5382,0.476,69.8425,,0.0001,0.2225,,,,,,,,,,per 100g,2026-08-02T22:00:40.082385Z,2026-08-02T22:00:40.082385Z,12,0.4783,"{""dg"":"""",""dc"":""""}"
myfcd_0057,"CORDIAL, ROSELLE (KORDIAL ROSEL)","cordial, roselle (kordial rosel)",MyFCD,https://myfcd.moh.gov.my/myfcdcurrent/index.php/site/detail_product/R107014/0/20/0/0/0,Sugars and syrups,sugars and syrups,41.5667,,0.1625,0.0,,5.9347,0.0917,5.3392,3.4975,0.4373,8.235,19.2772,0.0001,0.1313,0.0,0.0,,,,,,,,per 100g,2026-08-02T22:00:40.082385Z,2026-08-02T22:00:40.082385Z,9,0.6087,"{""dg"":"""",""dc"":""""}"
myfcd_0058,"CORDIAL, SARSI (KORDIAL SARSI)","cordial, sarsi (kordial sarsi)",MyFCD,https://myfcd.moh.gov.my/myfcdcurrent/index.php/site/detail_product/R107015/0/20/0/0/0,Sugars and syrups,sugars and syrups,61.6817,,0.089,0.0083,,,0.0767,0.9833,3.7183,0.2517,17.506,1.0348,0.0001,0.1708,0.0,0.0,,,,,,,,per 100g,2026-08-02T22:00:40.082385Z,2026-08-02T22:00:40.082385Z,10,0.5652,"{""dg"":"""",""dc"":""""}"
myfcd_0059,GLUCOSE (GLUKOSA),glucose (glukosa),MyFCD,https://myfcd.moh.gov.my/myfcdcurrent/index.php/site/detail_product/R107016/0/20/0/0/0,Sugars and syrups,sugars and syrups,,,,,,,,121.96,64.44,,23.93,6.44,,,0.0,0.0,,,,,,,,per 100g,2026-08-02T22:00:40.082385Z,2026-08-02T22:00:40.082385Z,17,0.2609,"{""dg"":"""",""dc"":""""}"
myfcd_0060,HONEY,honey,MyFCD,https://myfcd.moh.gov.my/myfcdcurrent/index.php/site/detail_product/R107017/0/20/0/0/0,Sugars and syrups,sugars and syrups,18.95,324.0133,0.0467,0.0,80.9567,0.0,0.0467,,,,,,,,,,,,,,,,,per 100g,2026-08-02T22:00:40.082385Z,2026-08-02T22:00:40.082385Z,16,0.3043,"{""dg"":"""",""dc"":""""}"
myfcd_0061,"JAM, APRICOT (JEM APRIKOT)","jam, apricot (jem aprikot)",MyFCD,https://myfcd.moh.gov.my/myfcdcurrent/index.php/site/detail_product/R107018/0/20/0/0/0,Sugars and syrups,sugars and syrups,31.4833,272.4933,0.425,0.0,67.205,0.5367,0.25,7.6333,7.5643,0.2,8.9167,140.89,0.0,0.01,,,,,0.0,0.0,22.0333,5.6733,,per 100g,2026-08-02T22:00:40.082385Z,2026-08-02T22:00:40.082385Z,5,0.7826,"{""dg"":"""",""dc"":""""}"
myfcd_0062,"JAM, BLUEBERRY (JEM BLUEBERI)","jam, blueberry (jem blueberi)",MyFCD,https://myfcd.moh.gov.my/myfcdcurrent/index.php/site/detail_product/R107019/0/20/0/0/0,Sugars and syrups,sugars and syrups,31.8283,271.9233,0.3083,0.01,67.2483,0.3983,0.1167,6.5167,5.2776,0.25,9.2333,,0.0,0.0,,,,,0.0633,0.0,0.0,2.5167,,per 100g,2026-08-02T22:00:40.082385Z,2026-08-02T22:00:40.082385Z,6,0.7391,"{""dg"":"""",""dc"":""""}"
myfcd_0063,"JAM, BLACKCURRENT (JEM ANGGUR HITAM)","jam, blackcurrent (jem anggur hitam)",MyFCD,https://myfcd.moh.gov.my/myfcdcurrent/index.php/site/detail_product/R107021/0/20/0/0/0,Sugars and syrups,sugars and syrups,33.3633,266.1333,0.2717,0.02,65.9917,0.09,0.1833,10.2833,6.0864,0.2,4.0667,,0.0,0.07,,,,,0.0,0.0,0.155,2.65,,per 100g,2026-08-02T22:00:40.082385Z,2026-08-02T22:00:40.082385Z,6,0.7391,"{""dg"":"""",""dc"":""""}"
myfcd_0064,"JAM, MANGO (JEM MEMPELAM)","jam, mango (jem mempelam)",MyFCD,https://myfcd.moh.gov.my/myfcdcurrent/index.php/site/detail_product/R107023/0/20/0/0/0,Sugars and syrups,sugars and syrups,48.0467,197.8133,1.8933,0.0,47.56,2.2233,0.2767,,,,,,,,,,,,,,,,,per 100g,2026-08-02T22:00:40.082385Z,2026-08-02T22:00:40.082385Z,16,0.3043,"{""dg"":"""",""dc"":""""}"
myfcd_0065,"JAM, PINEAPPLE (JEM NENAS)","jam, pineapple (jem nenas)",MyFCD,https://myfcd.moh.gov.my/myfcdcurrent/index.php/site/detail_product/R107025/0/20/0/0/0,Sugars and syrups,sugars and syrups,,,,,,,,,,,,,,,,,,,,,,,,per 100g,2026-08-02T22:00:40.082385Z,2026-08-02T22:00:40.082385Z,23,0.0,"{""dg"":"""",""dc"":""""}"
myfcd_0066,"JAM, STRAWBERRY (JEM STRAWBERI)","jam, strawberry (jem strawberi)",MyFCD,https://myfcd.moh.gov.my/myfcdcurrent/index.php/site/detail_product/R107029/0/20/0/0/0,Sugars and syrups,sugars and syrups,31.2283,273.89,0.41,0.0233,67.6467,0.3817,0.2333,18.1,10.0148,0.2667,1.3667,,0.0,0.0483,,,,,0.0867,0.0,0.0,3.2833,,per 100g,2026-08-02T22:00:40.082385Z,2026-08-02T22:00:40.082385Z,6,0.7391,"{""dg"":"""",""dc"":""""}"
myfcd_0067,"JAM, ORANGE MARMALADE","jam, orange marmalade",MyFCD,https://myfcd.moh.gov.my/myfcdcurrent/index.php/site/detail_product/R107041/0/20/0/0/0,Sugars and syrups,sugars and syrups,,,,,,,,,,,,,,,,,,,,,,,,per 100g,2026-08-02T22:00:40.082385Z,2026-08-02T22:00:40.082385Z,23,0.0,"{""dg"":"""",""dc"":""""}"
myfcd_0068,GRAPE FLAVOURED CANDY (GULA-GULA PERISA ANGGUR),grape flavoured candy (gula-gula perisa anggur),MyFCD,https://myfcd.moh.gov.my/myfcdcurrent/index.php/site/detail_product/R107042/0/20/0/0/0,Sugars and syrups,sugars and syrups,,,,,,,,21.2633,1.5237,,37.5267,11.9133,,,0.0,0.0,,,,,,,,per 100g,2026-08-02T22:00:40.082385Z,2026-08-02T22:00:40.082385Z,17,0.2609,"{""dg"":"""",""dc"":""""}"
myfcd_0069,"SUGAR, ICING (GULA ISING)","sugar, icing (gula ising)",MyFCD,https://myfcd.moh.gov.my/myfcdcurrent/index.php/site/detail_product/R107046/0/20/0/0/0,Sugars and syrups,sugars and syrups,,,,,,,,30.684,0.6784,,23.102,7.19,,,0.0,0.0,,,,,,,,per 100g,2026-08-02T22:00:40.082385Z,2026-08-02T22:00:40.082385Z,17,0.2609,"{""dg"":"""",""dc"":""""}"
myfcd_0070,PINEAPPLE FLAVOURED CANDY (GULA-GULA PERISA NANAS),pineapple flavoured candy (gula-gula perisa nanas),MyFCD,https://myfcd.moh.gov.my/myfcdcurrent/index.php/site/detail_product/R107047/0/20/0/0/0,Sugars and syrups,sugars and syrups,,,,,,,,,2.661,,,,,,0.0,0.0,,,,,,,,per 100g,2026-08-02T22:00:40.082385Z,2026-08-02T22:00:40.082385Z,20,0.1304,"{""dg"":"""",""dc"":""""}"
myfcd_0071,"BEEF, SAUSAGE (SOSEJ DAGING LEMBU)","beef, sausage (sosej daging lembu)",MyFCD,https://myfcd.moh.gov.my/myfcdcurrent/index.php/site/detail_product/R108014/0/20/0/0/0,Meat and meat products,meat and meat products,68.05,194.0,12.6,11.4,6.1,8.1,1.85,11.9,118.4,1.5,511.8,103.4,0.0001,1.75,,,,,,,,8.7,,per 100g,2026-08-02T22:00:40.082385Z,2026-08-02T22:00:40.082385Z,8,0.6522,"{""dg"":"""",""dc"":""""}"
myfcd_0072,"CHICKEN, SAUSAGE (SOSEJ DAGING AYAM)","chicken, sausage (sosej daging ayam)",MyFCD,https://myfcd.moh.gov.my/myfcdcurrent/index.php/site/detail_product/R108040/0/20/0/0/0,Meat and meat products,meat and meat products,65.4167,192.6667,11.6833,10.4667,9.95,5.9,2.5167,67.5,154.6833,1.1333,675.3667,124.45,0.0001,1.0333,,,,,,,,8.4833,,per 100g,2026-08-02T22:00:40.082385Z,2026-08-02T22:00:40.082385Z,8,0.6522,"{""dg"":"""",""dc"":""""}"
myfcd_0073,"HEN EGG, LOWER CHOLESTROL, WITH VITAMIN E (TELUR AYAM RENDAH KOLESTROL, DENGAN VITAMIN E)","hen egg, lower cholestrol, with vitamin e (telur ayam rendah kolestrol, dengan vitamin e)",MyFCD,https://myfcd.moh.gov.my/myfcdcurrent/index.php/site/detail_product/R109009/0/20/0/0/0,Eggs,eggs,12.7667,136.0,2.0333,1.35,0.3667,0.45,0.15,6.0667,19.8167,0.3167,24.9667,14.95,0.0,0.1667,,,,,,,,0.1333,,per 100g,2026-08-02T22:00:40.082385Z,2026-08-02T22:00:40.082385Z,8,0.6522,"{""dg"":"""",""dc"":""""}"
myfcd_0074,"HEN EGG, OMEGA 3 (TELUR AYAM OMEGA 3)","hen egg, omega 3 (telur ayam omega 3)",MyFCD,https://myfcd.moh.gov.my/myfcdcurrent/index.php/site/detail_product/R109010/0/20/0/0/0,Eggs,eggs,30.76,55.6,5.06,3.72,0.16,0.64,0.36,14.22,49.4,0.78,64.6,39.88,0.0001,0.44,,,,,,,,0.58,,per 100g,2026-08-02T22:00:40.082385Z,2026-08-02T22:00:40.082385Z,8,0.6522,"{""dg"":"""",""dc"":""""}"
myfcd_0075,"Eeel, swamp, raw (Belut)","eeel, swamp, raw (belut)",MyFCD,https://myfcd.moh.gov.my/myfcdcurrent/index.php/site/detail_product/R110064/0/20/0/0/0,"Fish, shellfish and products","fish, shellfish and products",81.011,,90.6333,2.5,,,5.9,453.1333,942.5333,4.8,182.7,1454.8,0.0003,7.1333,,,,,,,,,,per 100g,2026-08-02T22:00:40.082385Z,2026-08-02T22:00:40.082385Z,12,0.4783,
myfcd_0076,"SAUCE, OYSTER FLAVOURED","sauce, oyster flavoured",MyFCD,https://myfcd.moh.gov.my/myfcdcurrent/index.php/site/detail_product/R110126/0/20/0/0/0,"Fish, shellfish and products","fish, shellfish and products",,,,,,,,,,,,,,,,,,,,,,,,per 100g,2026-08-02T22:00:40.082385Z,2026-08-02T22:00:40.082385Z,23,0.0,"{""dg"":"""",""dc"":""""}"
myfcd_0077,BUTTER (MENTEGA KURANG MASIN),butter (mentega kurang masin),MyFCD,https://myfcd.moh.gov.my/myfcdcurrent/index.php/site/detail_product/R111001/0/20/0/0/0,Milk and milk products,milk and milk products,,,,,,,,,20.4638,,,,,,,,,,,,,,,per 100g,2026-08-02T22:00:40.082385Z,2026-08-02T22:00:40.082385Z,22,0.0435,"{""dg"":"""",""dc"":""""}"
myfcd_0078,CHEESE SPREAD (KEJU SAPUAN),cheese spread (keju sapuan),MyFCD,https://myfcd.moh.gov.my/myfcdcurrent/index.php/site/detail_product/R111004/0/20/0/0/0,Milk and milk products,milk and milk products,,,,23.09,,,,,697.6266,,,,,,,,,,,,,,,per 100g,2026-08-02T22:00:40.082385Z,2026-08-02T22:00:40.082385Z,21,0.087,"{""dg"":"""",""dc"":""""}"
myfcd_0079,"CHEESE, BLUE (KEJU, BIRU)","cheese, blue (keju, biru)",MyFCD,https://myfcd.moh.gov.my/myfcdcurrent/index.php/site/detail_product/R111005/0/20/0/0/0,Milk and milk products,milk and milk products,41.7533,372.0,18.0633,27.8567,20.95,0.0,4.1667,450.0,388.8096,0.0,1013.0,,0.0,2.2233,,,,,0.0433,0.3033,18.66,0.0013,,per 100g,2026-08-02T22:00:40.082385Z,2026-08-02T22:00:40.082385Z,6,0.7391,"{""dg"":"""",""dc"":""""}"
myfcd_0080,"CHEESE, BRIE (KEJU, BRIE)","cheese, brie (keju, brie)",MyFCD,https://myfcd.moh.gov.my/myfcdcurrent/index.php/site/detail_product/R111007/0/20/0/0/0,Milk and milk products,milk and milk products,,,,,,,,,285.0646,,,,,,,,,,,,,,,per 100g,2026-08-02T22:00:40.082385Z,2026-08-02T22:00:40.082385Z,22,0.0435,"{""dg"":"""",""dc"":""""}"
myfcd_0081,"CHEESE, CAMEMBERT (KEJU, CAMEMBERT)","cheese, camembert (keju, camembert)",MyFCD,https://myfcd.moh.gov.my/myfcdcurrent/index.php/site/detail_product/R111008/0/20/0/0/0,Milk and milk products,milk and milk products,,,,,,,,,341.5302,,,245.438,,,,,,,,,,,,per 100g,2026-08-02T22:00:40.082385Z,2026-08-02T22:00:40.082385Z,21,0.087,"{""dg"":"""",""dc"":""""}"
myfcd_0082,"CHEESE, CHEDDAR, REDUCED FAT (KEJU CHEDDAR, KURANG LEMAK)","cheese, cheddar, reduced fat (keju cheddar, kurang lemak)",MyFCD,https://myfcd.moh.gov.my/myfcdcurrent/index.php/site/detail_product/R111010/0/20/0/0/0,Milk and milk products,milk and milk products,,,,,,,,,450.1012,,,97.6125,,,,,,,,,,,,per 100g,2026-08-02T22:00:40.082385Z,2026-08-02T22:00:40.082385Z,21,0.087,"{""dg"":"""",""dc"":""""}"
myfcd_0083,"CHEESE, CHESDALE SLICES, PROCESSED (KEPINGAN KEJU CHESDALE)","cheese, chesdale slices, processed (kepingan keju chesdale)",MyFCD,https://myfcd.moh.gov.my/myfcdcurrent/index.php/site/detail_product/R111011/0/20/0/0/0,Milk and milk products,milk and milk products,,,,,,,,,541.6629,,,,,,,,,,,,,,,per 100g,2026-08-02T22:00:40.082385Z,2026-08-02T22:00:40.082385Z,22,0.0435,"{""dg"":"""",""dc"":""""}"
myfcd_0084,"CHEESE, COLBY (KEJU, COLBY)","cheese, colby (keju, colby)",MyFCD,https://myfcd.moh.gov.my/myfcdcurrent/index.php/site/detail_product/R111013/0/20/0/0/0,Milk and milk products,milk and milk products,,,,,,,,,460.734,,,,,,,,,,,,,,,per 100g,2026-08-02T22:00:40.082385Z,2026-08-02T22:00:40.082385Z,22,0.0435,"{""dg"":"""",""dc"":""""}"
myfcd_0085,"CHEESE, MOZARELLA (KEJU MOZARELLA)","cheese, mozarella (keju mozarella)",MyFCD,https://myfcd.moh.gov.my/myfcdcurrent/index.php/site/detail_product/R111015/0/20/0/0/0,Milk and milk products,milk and milk products,,,,,,,,,478.9278,,,,,,,,,,,,,,,per 100g,2026-08-02T22:00:40.082385Z,2026-08-02T22:00:40.082385Z,22,0.0435,"{""dg"":"""",""dc"":""""}"
myfcd_0086,"CHEESE, PARMESAN (KEJU PARMESAN)","cheese, parmesan (keju parmesan)",MyFCD,https://myfcd.moh.gov.my/myfcdcurrent/index.php/site/detail_product/R111016/0/20/0/0/0,Milk and milk products,milk and milk products,,,,,,,,,640.0575,,,182.88,,,,,,,,,,,,per 100g,2026-08-02T22:00:40.082385Z,2026-08-02T22:00:40.082385Z,21,0.087,"{""dg"":"""",""dc"":""""}"
myfcd_0087,"CHEESE, RICOTTA (KEJU, RICOTTA)","cheese, ricotta (keju, ricotta)",MyFCD,https://myfcd.moh.gov.my/myfcdcurrent/index.php/site/detail_product/R111019/0/20/0/0/0,Milk and milk products,milk and milk products,,,,,,,,,123.3827,,,,,,,,,,,,,,,per 100g,2026-08-02T22:00:40.082385Z,2026-08-02T22:00:40.082385Z,22,0.0435,"{""dg"":"""",""dc"":""""}"
myfcd_0088,"CREAM, WHIPPED (KRIM PUTAR)","cream, whipped (krim putar)",MyFCD,https://myfcd.moh.gov.my/myfcdcurrent/index.php/site/detail_product/R111020/0/20/0/0/0,Milk and milk products,milk and milk products,,,,,,,,,51.7962,,,94.765,,,,,,,,,,,,per 100g,2026-08-02T22:00:40.082385Z,2026-08-02T22:00:40.082385Z,21,0.087,"{""dg"":"""",""dc"":""""}"
myfcd_0089,CREAM CHEESE (KRIM KEJU),cream cheese (krim keju),MyFCD,https://myfcd.moh.gov.my/myfcdcurrent/index.php/site/detail_product/R111021/0/20/0/0/0,Milk and milk products,milk and milk products,,,,,,,,,86.063,,,,,,,,,,,,,,,per 100g,2026-08-02T22:00:40.082385Z,2026-08-02T22:00:40.082385Z,22,0.0435,"{""dg"":"""",""dc"":""""}"
myfcd_0090,"CREAMER, POWDER (KRIMER SERBUK)","creamer, powder (krimer serbuk)",MyFCD,https://myfcd.moh.gov.my/myfcdcurrent/index.php/site/detail_product/R111023/0/20/0/0/0,Milk and milk products,milk and milk products,2.0567,489.8733,1.6567,33.14,46.0967,14.2667,2.6333,,354.7275,,,662.8725,,,0.0,0.0,,,,,,0.635,,per 100g,2026-08-02T22:00:40.082385Z,2026-08-02T22:00:40.082385Z,11,0.5217,"{""dg"":"""",""dc"":""""}"
myfcd_0091,"MILK, PASTEURISED, CHOCOLATE FLAVOUR","milk, pasteurised, chocolate flavour",MyFCD,https://myfcd.moh.gov.my/myfcdcurrent/index.php/site/detail_product/R111026/0/20/0/0/0,Milk and milk products,milk and milk products,,,,,,,,,,,,,,,,,,,,,,,,per 100g,2026-08-02T22:00:40.082385Z,2026-08-02T22:00:40.082385Z,23,0.0,"{""dg"":"""",""dc"":""""}"
myfcd_0092,"MILK, COW, FRESH","milk, cow, fresh",MyFCD,https://myfcd.moh.gov.my/myfcdcurrent/index.php/site/detail_product/R111028/0/20/0/0/0,Milk and milk products,milk and milk products,52.4533,249.5133,11.0967,13.9133,19.9767,0.0,2.56,,,,,,,,,,,,,,,,,per 100g,2026-08-02T22:00:40.082385Z,2026-08-02T22:00:40.082385Z,16,0.3043,"{""dg"":"""",""dc"":""""}"
myfcd_0093,"MILK DRINK, CULTURED","milk drink, cultured",MyFCD,https://myfcd.moh.gov.my/myfcdcurrent/index.php/site/detail_product/R111029/0/20/0/0/0,Milk and milk products,milk and milk products,85.5,56.7733,1.13,0.0734,12.8233,0.27,0.17,,,,,,,,,,,,,,,,,per 100g,2026-08-02T22:00:40.082385Z,2026-08-02T22:00:40.082385Z,16,0.3043,"{""dg"":"""",""dc"":""""}"
myfcd_0094,"MILK, SWEETENED, CONDENSED","milk, sweetened, condensed",MyFCD,https://myfcd.moh.gov.my/myfcdcurrent/index.php/site/detail_product/R111044/0/20/0/0/0,Milk and milk products,milk and milk products,,,,,,,,,,,,,,,,,,,,,,,,per 100g,2026-08-02T22:00:40.082385Z,2026-08-02T22:00:40.082385Z,23,0.0,"{""dg"":"""",""dc"":""""}"
myfcd_0095,"MILK, UHT, CHOCOLATE FLAVOUR","milk, uht, chocolate flavour",MyFCD,https://myfcd.moh.gov.my/myfcdcurrent/index.php/site/detail_product/R111045/0/20/0/0/0,Milk and milk products,milk and milk products,85.7667,51.3833,2.56,0.69,8.7333,1.43,0.82,,,,,,,,,,,,,,,,,per 100g,2026-08-02T22:00:40.082385Z,2026-08-02T22:00:40.082385Z,16,0.3043,"{""dg"":"""",""dc"":""""}"
myfcd_0096,"MILK, UHT, FULL CREAM","milk, uht, full cream",MyFCD,https://myfcd.moh.gov.my/myfcdcurrent/index.php/site/detail_product/R111047/0/20/0/0/0,Milk and milk products,milk and milk products,87.5033,61.9667,2.8333,3.42,4.9633,0.6767,0.6033,,,,,,,,,,,,,,,,,per 100g,2026-08-02T22:00:40.082385Z,2026-08-02T22:00:40.082385Z,16,0.3043,"{""dg"":"""",""dc"":""""}"
myfcd_0097,"MILK, UHT, LOW FAT","milk, uht, low fat",MyFCD,https://myfcd.moh.gov.my/myfcdcurrent/index.php/site/detail_product/R111048/0/20/0/0/0,Milk and milk products,milk and milk products,86.05,55.4733,2.9567,1.0867,8.4667,0.5733,0.8667,,,,,,,,,,,,,,,,,per 100g,2026-08-02T22:00:40.082385Z,2026-08-02T22:00:40.082385Z,16,0.3043,"{""dg"":"""",""dc"":""""}"
myfcd_0098,"YOGURT, DRINKING, PASTEURISED, NATURAL FLAVOUR","yogurt, drinking, pasteurised, natural flavour",MyFCD,https://myfcd.moh.gov.my/myfcdcurrent/index.php/site/detail_product/R111054/0/20/0/0/0,Milk and milk products,milk and milk products,83.7233,55.35,10.32,2.3367,6.07,2.8,2.56,,,,,,,,,,,,,,,,,per 100g,2026-08-02T22:00:40.082385Z,2026-08-02T22:00:40.082385Z,16,0.3043,"{""dg"":"""",""dc"":""""}"
myfcd_0099,"YOGURT, LOW FAT, NATURAL","yogurt, low fat, natural",MyFCD,https://myfcd.moh.gov.my/myfcdcurrent/index.php/site/detail_product/R111057/0/20/0/0/0,Milk and milk products,milk and milk products,,,,,,,,,,,,,,,,,,,,,,,,per 100g,2026-08-02T22:00:40.082385Z,2026-08-02T22:00:40.082385Z,23,0.0,"{""dg"":"""",""dc"":""""}"
myfcd_0100,"ICE-CREAM, VANILLA","ice-cream, vanilla",MyFCD,https://myfcd.moh.gov.my/myfcdcurrent/index.php/site/detail_product/R111059/0/20/0/0/0,Milk and milk products,milk and milk products,47.6633,261.1367,2.3967,11.8033,36.33,0.5767,1.23,,,,,,,,,,,,,,,,,per 100g,2026-08-02T22:00:40.082385Z,2026-08-02T22:00:40.082385Z,16,0.3043,"{""dg"":"""",""dc"":""""}"
myfcd_0101,"YOGURT, DRINKING, PASTEURISED, MIX FRUIT FLAVOURS","yogurt, drinking, pasteurised, mix fruit flavours",MyFCD,https://myfcd.moh.gov.my/myfcdcurrent/index.php/site/detail_product/R111060/0/20/0/0/0,Milk and milk products,milk and milk products,,,,,,,,,,,,,,,,,,,,,,,,per 100g,2026-08-02T22:00:40.082385Z,2026-08-02T22:00:40.082385Z,23,0.0,"{""dg"":"""",""dc"":""""}"
myfcd_0102,"YOGURT, FLAVOURED (STRAWBERRY, ETC)","yogurt, flavoured (strawberry, etc)",MyFCD,https://myfcd.moh.gov.my/myfcdcurrent/index.php/site/detail_product/R111061/0/20/0/0/0,Milk and milk products,milk and milk products,64.9,159.7467,4.89,5.1733,23.4067,0.5133,1.1167,,,,,,,,,,,,,,,,,per 100g,2026-08-02T22:00:40.082385Z,2026-08-02T22:00:40.082385Z,16,0.3043,"{""dg"":"""",""dc"":""""}"
myfcd_0103,CONDENSED/EVAPORATED MILK WITH ROSE CORDIAL (SIRAP BANDUNG),condensed/evaporated milk with rose cordial (sirap bandung),MyFCD,https://myfcd.moh.gov.my/myfcdcurrent/index.php/site/detail_product/R111062/0/20/0/0/0,Milk and milk products,milk and milk products,82.7433,77.37,4.6667,2.6633,8.6833,0.9333,0.31,,,,,,,,,,,,,,,,,per 100g,2026-08-02T22:00:40.082385Z,2026-08-02T22:00:40.082385Z,16,0.3043,"{""dg"":"""",""dc"":""""}"
myfcd_0104,"FISH OIL, COD LIVER OIL (MINYAK IKAN KOD)","fish oil, cod liver oil (minyak ikan kod)",MyFCD,https://myfcd.moh.gov.my/myfcdcurrent/index.php/site/detail_product/R112001/0/20/0/0/0,Oils and fats,oils and fats,,,,,,,,,154.8475,,,,,,0.0,0.0,,,,,,,,per 100g,2026-08-02T22:00:40.082385Z,2026-08-02T22:00:40.082385Z,20,0.1304,"{""dg"":"""",""dc"":""""}"
myfcd_0105,"MARGARINE SPREAD, WITH SALT (SAPUAN MERJERIN BERGARAM)","margarine spread, with salt (sapuan merjerin bergaram)",MyFCD,https://myfcd.moh.gov.my/myfcdcurrent/index.php/site/detail_product/R112003/0/20/0/0/0,Oils and fats,oils and fats,,,,,,,,,3.5009,,,,,,,,,,,,,,,per 100g,2026-08-02T22:00:40.082385Z,2026-08-02T22:00:40.082385Z,22,0.0435,"{""dg"":"""",""dc"":""""}"
myfcd_0106,"MARGARINE SPREAD, WITHOUT SALT (SAPUAN MERJERIN TANPA GARAM)","margarine spread, without salt (sapuan merjerin tanpa garam)",MyFCD,https://myfcd.moh.gov.my/myfcdcurrent/index.php/site/detail_product/R112004/0/20/0/0/0,Oils and fats,oils and fats,,,,,,,,,7.4248,,,38.485,,,,,,,,,,,,per 100g,2026-08-02T22:00:40.082385Z,2026-08-02T22:00:40.082385Z,21,0.087,"{""dg"":"""",""dc"":""""}"
myfcd_0107,MAYONNAISE (MAYONIS),mayonnaise (mayonis),MyFCD,https://myfcd.moh.gov.my/myfcdcurrent/index.php/site/detail_product/R112005/0/20/0/0/0,Oils and fats,oils and fats,28.705,432.7312,1.085,30.765,37.8798,0.0,1.5667,10.3333,25.3676,0.075,580.6667,,0.0,0.29,,,,,0.0667,0.148,0.7217,0.0,,per 100g,2026-08-02T22:00:40.082385Z,2026-08-02T22:00:40.082385Z,6,0.7391,"{""dg"":"""",""dc"":""""}"
myfcd_0108,"OIL, BLEND (MINYAK CAMPURAN)","oil, blend (minyak campuran)",MyFCD,https://myfcd.moh.gov.my/myfcdcurrent/index.php/site/detail_product/R112009/0/20/0/0/0,Oils and fats,oils and fats,0.1733,,0.0,99.3667,,,,,0.142,,,,,,0.0,0.0,,,,,,,,per 100g,2026-08-02T22:00:40.082385Z,2026-08-02T22:00:40.082385Z,17,0.2609,"{""dg"":"""",""dc"":""""}"
myfcd_0109,"OIL, CANOLA (MINYAK CANOLA)","oil, canola (minyak canola)",MyFCD,https://myfcd.moh.gov.my/myfcdcurrent/index.php/site/detail_product/R112011/0/20/0/0/0,Oils and fats,oils and fats,0.12,,0.001,99.47,,,,,0.148,,,,,,0.0,0.0,,,,,,,,per 100g,2026-08-02T22:00:40.082385Z,2026-08-02T22:00:40.082385Z,17,0.2609,"{""dg"":"""",""dc"":""""}"
myfcd_0110,"OIL, COCONUT (MINYAK KELAPA)","oil, coconut (minyak kelapa)",MyFCD,https://myfcd.moh.gov.my/myfcdcurrent/index.php/site/detail_product/R112013/0/20/0/0/0,Oils and fats,oils and fats,0.204,,0.0762,99.63,,,,,0.3931,,,,,,0.0,0.0,,,,,,,,per 100g,2026-08-02T22:00:40.082385Z,2026-08-02T22:00:40.082385Z,17,0.2609,"{""dg"":"""",""dc"":""""}"
myfcd_0111,"OIL, SUNFLOWER (MINYAK BUNGA MATAHARI)","oil, sunflower (minyak bunga matahari)",MyFCD,https://myfcd.moh.gov.my/myfcdcurrent/index.php/site/detail_product/R112021/0/20/0/0/0,Oils and fats,oils and fats,0.1017,,0.0,99.3233,,,,,0.116,,,,,,0.0,0.0,,,,,,,,per 100g,2026-08-02T22:00:40.082385Z,2026-08-02T22:00:40.082385Z,17,0.2609,"{""dg"":"""",""dc"":""""}"
myfcd_0112,"OIL, VEGETABLE (MINYAK SAYURAN)","oil, vegetable (minyak sayuran)",MyFCD,https://myfcd.moh.gov.my/myfcdcurrent/index.php/site/detail_product/R112022/0/20/0/0/0,Oils and fats,oils and fats,0.2133,,0.0,99.7067,,,,,0.2671,,,,,,0.0,0.0,,,,,,,,per 100g,2026-08-02T22:00:40.082385Z,2026-08-02T22:00:40.082385Z,17,0.2609,"{""dg"":"""",""dc"":""""}"
myfcd_0113,"SAUCE, THOUSAND ISLAND","sauce, thousand island",MyFCD,https://myfcd.moh.gov.my/myfcdcurrent/index.php/site/detail_product/R112023/0/20/0/0/0,Oils and fats,oils and fats,,,,,,,,,25.9773,,,88.8967,,,,,,,,,,,,per 100g,2026-08-02T22:00:40.082385Z,2026-08-02T22:00:40.082385Z,21,0.087,"{""dg"":"""",""dc"":""""}"
myfcd_0114,SOFT MARGARINE (MARJERIN LEMBUT),soft margarine (marjerin lembut),MyFCD,https://myfcd.moh.gov.my/myfcdcurrent/index.php/site/detail_product/R112024/0/20/0/0/0,Oils and fats,oils and fats,,,,,,,,,6.914,,,16.7375,,,,,,,,,,,,per 100g,2026-08-02T22:00:40.082385Z,2026-08-02T22:00:40.082385Z,21,0.087,"{""dg"":"""",""dc"":""""}"
myfcd_0115,"DESSERT, CHILLED COCONUT MILK- & PALM SUGAR-BASED, WITH PANDAN JELLY NOODLES AND RED BEAN (CENDOL)","dessert, chilled coconut milk-  palm sugar-based, with pandan jelly noodles and red bean (cendol)",MyFCD,https://myfcd.moh.gov.my/myfcdcurrent/index.php/site/detail_product/R113007/0/20/0/0/0,Beverages,beverages,,,,,,,,,,,,,,,,,,,,,,,,per 100g,2026-08-02T22:00:40.082385Z,2026-08-02T22:00:40.082385Z,23,0.0,"{""dg"":"""",""dc"":""""}"
myfcd_0116,"HOT CHOCOLATE, INSTANT PREMIX (WITH SUGAR, COCOA POWDER, CREAMER)","hot chocolate, instant premix (with sugar, cocoa powder, creamer)",MyFCD,https://myfcd.moh.gov.my/myfcdcurrent/index.php/site/detail_product/R113009/0/20/0/0/0,Beverages,beverages,1.4067,425.2167,4.3367,14.8833,68.48,7.7333,3.16,,,,,,,,,,,,,,,,,per 100g,2026-08-02T22:00:40.082385Z,2026-08-02T22:00:40.082385Z,16,0.3043,"{""dg"":"""",""dc"":""""}"
myfcd_0117,ENERGY DRINK,energy drink,MyFCD,https://myfcd.moh.gov.my/myfcdcurrent/index.php/site/detail_product/R113020/0/20/0/0/0,Beverages,beverages,87.02,51.92,0.49,0.0,12.49,0.0,0.0,,,,,,,,,,,,,,,,,per 100g,2026-08-02T22:00:40.082385Z,2026-08-02T22:00:40.082385Z,16,0.3043,"{""dg"":"""",""dc"":""""}"
myfcd_0118,ISOTONIC DRINK,isotonic drink,MyFCD,https://myfcd.moh.gov.my/myfcdcurrent/index.php/site/detail_product/R113024/0/20/0/0/0,Beverages,beverages,89.6433,41.36,0.0033,0.0,10.3367,0.0,0.0167,,,,,,,,,,,,,,,,,per 100g,2026-08-02T22:00:40.082385Z,2026-08-02T22:00:40.082385Z,16,0.3043,"{""dg"":"""",""dc"":""""}"
myfcd_0119,"DESSERT, SWEET LOTUS SEED SOUP (LIN-CHI-KANG)","dessert, sweet lotus seed soup (lin-chi-kang)",MyFCD,https://myfcd.moh.gov.my/myfcdcurrent/index.php/site/detail_product/R113026/0/20/0/0/0,Beverages,beverages,,,,,,,,,,,,,,,,,,,,,,,,per 100g,2026-08-02T22:00:40.082385Z,2026-08-02T22:00:40.082385Z,23,0.0,"{""dg"":"""",""dc"":""""}"
myfcd_0120,FRUIT JUICE ORANGE,fruit juice orange,MyFCD,https://myfcd.moh.gov.my/myfcdcurrent/index.php/site/detail_product/R113039/0/20/0/0/0,Beverages,beverages,92.5033,31.0567,0.64,0.7767,5.3767,0.1167,0.5867,,,,,,,,,,,,,,,,,per 100g,2026-08-02T22:00:40.082385Z,2026-08-02T22:00:40.082385Z,16,0.3043,"{""dg"":"""",""dc"":""""}"
myfcd_0121,"TEA, CHRYSANTHEMUM, PACKET, WITH ADDED SUGAR","tea, chrysanthemum, packet, with added sugar",MyFCD,https://myfcd.moh.gov.my/myfcdcurrent/index.php/site/detail_product/R113050/0/20/0/0/0,Beverages,beverages,94.7167,19.4133,0.0,0.0,4.8533,0.43,0.0,,,,,,,,,,,,,,,,,per 100g,2026-08-02T22:00:40.082385Z,2026-08-02T22:00:40.082385Z,16,0.3043,"{""dg"":"""",""dc"":""""}"
myfcd_0122,"TEA, GREEN, WITH ADDED SUGAR","tea, green, with added sugar",MyFCD,https://myfcd.moh.gov.my/myfcdcurrent/index.php/site/detail_product/R113051/0/20/0/0/0,Beverages,beverages,93.6933,23.4933,0.0267,0.0,5.8467,0.4067,0.0267,,,,,,,,,,,,,,,,,per 100g,2026-08-02T22:00:40.082385Z,2026-08-02T22:00:40.082385Z,16,0.3043,"{""dg"":"""",""dc"":""""}"
myfcd_0123,"TEA, KUNDUR, PACKET, WITH ADDED SUGAR","tea, kundur, packet, with added sugar",MyFCD,https://myfcd.moh.gov.my/myfcdcurrent/index.php/site/detail_product/R113052/0/20/0/0/0,Beverages,beverages,,,,,,,,,,,,,,,,,,,,,,,,per 100g,2026-08-02T22:00:40.082385Z,2026-08-02T22:00:40.082385Z,23,0.0,"{""dg"":"""",""dc"":""""}"
myfcd_0124,"Tea, Stevia (Teh Stevia)","tea, stevia (teh stevia)",MyFCD,https://myfcd.moh.gov.my/myfcdcurrent/index.php/site/detail_product/R113055/0/20/0/0/0,Beverages,beverages,,,,,,,,,230.9247,,,,,,,,,,,,,,,per 100g,2026-08-02T22:00:40.082385Z,2026-08-02T22:00:40.082385Z,22,0.0435,
myfcd_0125,CANNED COFFEE,canned coffee,MyFCD,https://myfcd.moh.gov.my/myfcdcurrent/index.php/site/detail_product/R113056/0/20/0/0/0,Beverages,beverages,,,,,,,,,,,,,,,,,,,,,,,,per 100g,2026-08-02T22:00:40.082385Z,2026-08-02T22:00:40.082385Z,23,0.0,"{""dg"":"""",""dc"":""""}"
myfcd_0126,"MILK, MALTED (CHOCOLATE FLAVOUR)","milk, malted (chocolate flavour)",MyFCD,https://myfcd.moh.gov.my/myfcdcurrent/index.php/site/detail_product/R113057/0/20/0/0/0,Beverages,beverages,85.5,58.4367,1.17,1.6767,9.6667,1.56,0.4267,,,,,,,,,,,,,,,,,per 100g,2026-08-02T22:00:40.082385Z,2026-08-02T22:00:40.082385Z,16,0.3043,"{""dg"":"""",""dc"":""""}"
myfcd_0127,"SOYA BEAN DRINK, PACKET, WITH REGULAR ADDED SUGAR","soya bean drink, packet, with regular added sugar",MyFCD,https://myfcd.moh.gov.my/myfcdcurrent/index.php/site/detail_product/R113058/0/20/0/0/0,Beverages,beverages,87.74,55.03,1.58,1.31,9.23,0.0,0.14,,,,,,,,,,,,,,,,,per 100g,2026-08-02T22:00:40.082385Z,2026-08-02T22:00:40.082385Z,16,0.3043,"{""dg"":"""",""dc"":""""}"
myfcd_0128,"TEA MIX, INSTANT","tea mix, instant",MyFCD,https://myfcd.moh.gov.my/myfcdcurrent/index.php/site/detail_product/R113059/0/20/0/0/0,Beverages,beverages,,,,,,,,,,,,,,,,,,,,,,,,per 100g,2026-08-02T22:00:40.082385Z,2026-08-02T22:00:40.082385Z,23,0.0,"{""dg"":"""",""dc"":""""}"
myfcd_0129,"TEA, ICE LEMON, PACKET, WITH ADDED SUGAR","tea, ice lemon, packet, with added sugar",MyFCD,https://myfcd.moh.gov.my/myfcdcurrent/index.php/site/detail_product/R113060/0/20/0/0/0,Beverages,beverages,91.29,34.84,0.0033,0.0,8.7067,0.0,0.0,,,,,,,,,,,,,,,,,per 100g,2026-08-02T22:00:40.082385Z,2026-08-02T22:00:40.082385Z,16,0.3043,"{""dg"":"""",""dc"":""""}"
myfcd_0130,"FLAVOURED DRINK, COLA TYPE","flavoured drink, cola type",MyFCD,https://myfcd.moh.gov.my/myfcdcurrent/index.php/site/detail_product/R113061/0/20/0/0/0,Beverages,beverages,,,,,,,,,,,,,,,,,,,,,,,,per 100g,2026-08-02T22:00:40.082385Z,2026-08-02T22:00:40.082385Z,23,0.0,"{""dg"":"""",""dc"":""""}"
myfcd_0131,"FRUIT JUICE DRINK, ORANGE","fruit juice drink, orange",MyFCD,https://myfcd.moh.gov.my/myfcdcurrent/index.php/site/detail_product/R113062/0/20/0/0/0,Beverages,beverages,,,,,,,,,,,,,,,,,,,,,,,,per 100g,2026-08-02T22:00:40.082385Z,2026-08-02T22:00:40.082385Z,23,0.0,"{""dg"":"""",""dc"":""""}"
myfcd_0132,"FRUIT DRINK, ORANGE","fruit drink, orange",MyFCD,https://myfcd.moh.gov.my/myfcdcurrent/index.php/site/detail_product/R113063/0/20/0/0/0,Beverages,beverages,90.1,49.98,0.0567,2.4867,6.8433,0.4667,0.0467,,,,,,,,,,,,,,,,,per 100g,2026-08-02T22:00:40.082385Z,2026-08-02T22:00:40.082385Z,16,0.3043,"{""dg"":"""",""dc"":""""}"
myfcd_0133,"FRUIT JUICE, FRESH, ORANGE","fruit juice, fresh, orange",MyFCD,https://myfcd.moh.gov.my/myfcdcurrent/index.php/site/detail_product/R113064/0/20/0/0/0,Beverages,beverages,86.5867,51.0133,0.1267,0.0933,12.4167,0.6667,0.11,,,,,,,,,,,,,,,,,per 100g,2026-08-02T22:00:40.082385Z,2026-08-02T22:00:40.082385Z,16,0.3043,"{""dg"":"""",""dc"":""""}"
myfcd_0134,CHOCOLATE (COKLAT BERTIH),chocolate (coklat bertih),MyFCD,https://myfcd.moh.gov.my/myfcdcurrent/index.php/site/detail_product/R114007/0/20/0/0/0,Miscellaneous,miscellaneous,,,,,,,,,162.4,,,484.8633,,,,,,,,,,,,per 100g,2026-08-02T22:00:40.082385Z,2026-08-02T22:00:40.082385Z,21,0.087,"{""dg"":"""",""dc"":""""}"
myfcd_0135,"CHOCOLATE, BREAD SPREAD","chocolate, bread spread",MyFCD,https://myfcd.moh.gov.my/myfcdcurrent/index.php/site/detail_product/R114012/0/20/0/0/0,Miscellaneous,miscellaneous,,,,,,,,,109.1,,,,,,,,,,,,,,,per 100g,2026-08-02T22:00:40.082385Z,2026-08-02T22:00:40.082385Z,22,0.0435,"{""dg"":"""",""dc"":""""}"
myfcd_0136,"CHOCOLATE, CASHEW NUT (COKLAT KACANG GAJUS)","chocolate, cashew nut (coklat kacang gajus)",MyFCD,https://myfcd.moh.gov.my/myfcdcurrent/index.php/site/detail_product/R114013/0/20/0/0/0,Miscellaneous,miscellaneous,,,,,,,,,250.0833,,,,,,,,,,,,,,,per 100g,2026-08-02T22:00:40.082385Z,2026-08-02T22:00:40.082385Z,22,0.0435,"{""dg"":"""",""dc"":""""}"
myfcd_0137,"CHOCOLATE, HAZELNUT (COKLAT KACANG BADAM)","chocolate, hazelnut (coklat kacang badam)",MyFCD,https://myfcd.moh.gov.my/myfcdcurrent/index.php/site/detail_product/R114015/0/20/0/0/0,Miscellaneous,miscellaneous,1.285,,9.4288,29.9267,,,,205.2,198.2217,,,,,,,,,,,,,,,per 100g,2026-08-02T22:00:40.082385Z,2026-08-02T22:00:40.082385Z,18,0.2174,"{""dg"":"""",""dc"":""""}"
myfcd_0138,"CHOCOLATE, MILK (COKLAT SUSU)","chocolate, milk (coklat susu)",MyFCD,https://myfcd.moh.gov.my/myfcdcurrent/index.php/site/detail_product/R114016/0/20/0/0/0,Miscellaneous,miscellaneous,,,,,,,,,,,,,,,,,,,,,,,,per 100g,2026-08-02T22:00:40.082385Z,2026-08-02T22:00:40.082385Z,23,0.0,"{""dg"":"""",""dc"":""""}"
myfcd_0139,"CHOCOLATE, RAISIN (COKLAT BERKISMIS)","chocolate, raisin (coklat berkismis)",MyFCD,https://myfcd.moh.gov.my/myfcdcurrent/index.php/site/detail_product/R114017/0/20/0/0/0,Miscellaneous,miscellaneous,2.7567,527.8733,7.78,32.6333,50.7633,3.9167,2.15,,,,,,,,,,,,,,,,,per 100g,2026-08-02T22:00:40.082385Z,2026-08-02T22:00:40.082385Z,16,0.3043,"{""dg"":"""",""dc"":""""}"
myfcd_0140,"CHOCOLATE, ROASTED ALMOND (COKLAT DENGAN KACANG BADAM)","chocolate, roasted almond (coklat dengan kacang badam)",MyFCD,https://myfcd.moh.gov.my/myfcdcurrent/index.php/site/detail_product/R114018/0/20/0/0/0,Miscellaneous,miscellaneous,,,,,,,,,247.359,,,524.0417,,,,,,,,,,,,per 100g,2026-08-02T22:00:40.082385Z,2026-08-02T22:00:40.082385Z,21,0.087,"{""dg"":"""",""dc"":""""}"
myfcd_0141,"CHOCOLATE, WHITE (COKLAT PUTIH)","chocolate, white (coklat putih)",MyFCD,https://myfcd.moh.gov.my/myfcdcurrent/index.php/site/detail_product/R114019/0/20/0/0/0,Miscellaneous,miscellaneous,,,,,,,,,168.8352,,,344.234,,,,,,,,,,,,per 100g,2026-08-02T22:00:40.082385Z,2026-08-02T22:00:40.082385Z,21,0.087,"{""dg"":"""",""dc"":""""}"
myfcd_0142,"CHOCOLATE, MIXED NUTS (COKLAT KACANG CAMPURAN)","chocolate, mixed nuts (coklat kacang campuran)",MyFCD,https://myfcd.moh.gov.my/myfcdcurrent/index.php/site/detail_product/R114025/0/20/0/0/0,Miscellaneous,miscellaneous,,,,,,,,,221.25,,,389.81,,,,,,,,,,,,per 100g,2026-08-02T22:00:40.082385Z,2026-08-02T22:00:40.082385Z,21,0.087,"{""dg"":"""",""dc"":""""}"
myfcd_0143,PLUM SAUCE (SOS PLUM),plum sauce (sos plum),MyFCD,https://myfcd.moh.gov.my/myfcdcurrent/index.php/site/detail_product/R114047/0/20/0/0/0,Miscellaneous,miscellaneous,,,,,,,,,14.0371,,,,,,,,,,,,,,,per 100g,2026-08-02T22:00:40.082385Z,2026-08-02T22:00:40.082385Z,22,0.0435,"{""dg"":"""",""dc"":""""}"
myfcd_0144,VANILLA WAFER (WAFER VANILLA),vanilla wafer (wafer vanilla),MyFCD,https://myfcd.moh.gov.my/myfcdcurrent/index.php/site/detail_product/R114053/0/20/0/0/0,Miscellaneous,miscellaneous,,,,,,,,139.65,96.785,,202.215,240.4,,,0.0,0.0,,,,,,,,per 100g,2026-08-02T22:00:40.082385Z,2026-08-02T22:00:40.082385Z,17,0.2609,"{""dg"":"""",""dc"":""""}"
myfcd_0145,"WAFER, ORANGE FLAVOR (WAFER BERPERISA OREN)","wafer, orange flavor (wafer berperisa oren)",MyFCD,https://myfcd.moh.gov.my/myfcdcurrent/index.php/site/detail_product/R114056/0/20/0/0/0,Miscellaneous,miscellaneous,,,,,,,,90.98,111.32,,225.55,237.41,,,0.0,0.0,,,,,,,,per 100g,2026-08-02T22:00:40.082385Z,2026-08-02T22:00:40.082385Z,17,0.2609,"{""dg"":"""",""dc"":""""}"
myfcd_0146,"WAFER, STRAWBERRY FLAVOR (WAFER BERPERISA STRAWBERI)","wafer, strawberry flavor (wafer berperisa strawberi)",MyFCD,https://myfcd.moh.gov.my/myfcdcurrent/index.php/site/detail_product/R114057/0/20/0/0/0,Miscellaneous,miscellaneous,,,,,,,,,102.9538,,,137.376,,,0.0,0.0,,,,,,,,per 100g,2026-08-02T22:00:40.082385Z,2026-08-02T22:00:40.082385Z,19,0.1739,"{""dg"":"""",""dc"":""""}"
myfcd_0147,CHOCOLATE SPREAD,chocolate spread,MyFCD,https://myfcd.moh.gov.my/myfcdcurrent/index.php/site/detail_product/R114062/0/20/0/0/0,Miscellaneous,miscellaneous,,,,,,,,,,,,,,,,,,,,,,,,per 100g,2026-08-02T22:00:40.082385Z,2026-08-02T22:00:40.082385Z,23,0.0,"{""dg"":"""",""dc"":""""}"
myfcd_0148,"TRADITIONAL MALAYSIAN KUIH, STEAMED GLUTINOUS RICE BALLS COATED WITH SESAME/PEANUT SUGAR CRUMBS (MOCHI@CHEE-PAH)","traditional malaysian kuih, steamed glutinous rice balls coated with sesame/peanut sugar crumbs (mochichee-pah)",MyFCD,https://myfcd.moh.gov.my/myfcdcurrent/index.php/site/detail_product/R211005/0/20/0/0/0,Rice and rice flour based,rice and rice flour based,17.954,380.2867,9.05,14.0233,54.47,3.7067,0.7967,,,,,,,,,,,,,,,,,per 100g,2026-08-02T22:00:40.082385Z,2026-08-02T22:00:40.082385Z,16,0.3043,"{""dg"":"""",""dc"":""""}"
myfcd_0149,"TRADITIONAL MALAYSIAN KUIH, STEAMED RICE FLOUR WITH COCONUT MILK AND SUGAR IN SMALL MOULD, SERVED WITH GRATED COCONUT (KUIH LOMPANG)","traditional malaysian kuih, steamed rice flour with coconut milk and sugar in small mould, served with grated coconut (kuih lompang)",MyFCD,https://myfcd.moh.gov.my/myfcdcurrent/index.php/site/detail_product/R211018/0/20/0/0/0,Rice and rice flour based,rice and rice flour based,35.57,253.4067,2.88,1.6467,56.7667,2.1367,1.0,,,,,,,,,,,,,,,,,per 100g,2026-08-02T22:00:40.082385Z,2026-08-02T22:00:40.082385Z,16,0.3043,"{""dg"":"""",""dc"":""""}"
myfcd_0150,"TRADITIONAL MALAYSIAN KUIH, STEAMED RICE CAKE WITH COCONUT AND PALM SUGAR,  CYLINDRICAL-SHAPED AND GREEN-COLORED (PUTU BAMBU)","traditional malaysian kuih, steamed rice cake with coconut and palm sugar, cylindrical-shaped and green-colored (putu bambu)",MyFCD,https://myfcd.moh.gov.my/myfcdcurrent/index.php/site/detail_product/R211030/0/20/0/0/0,Rice and rice flour based,rice and rice flour based,36.2433,247.2067,3.5833,2.22,53.2233,3.76,0.97,,,,,,,,,,,,,,,,,per 100g,2026-08-02T22:00:40.082385Z,2026-08-02T22:00:40.082385Z,16,0.3043,"{""dg"":"""",""dc"":""""}"
myfcd_0151,"TRADITIONAL MALAYSIAN KUIH, TWO LAYERED STEAMED CAKE, TARO AND COCONUT MILK (KUIH TALAM KELADI)","traditional malaysian kuih, two layered steamed cake, taro and coconut milk (kuih talam keladi)",MyFCD,https://myfcd.moh.gov.my/myfcdcurrent/index.php/site/detail_product/R211037/0/20/0/0/0,Rice and rice flour based,rice and rice flour based,,,,,,,,,,,,,,,,,,,,,,,,per 100g,2026-08-02T22:00:40.082385Z,2026-08-02T22:00:40.082385Z,23,0.0,"{""dg"":"""",""dc"":""""}"
myfcd_0152,KUIH TALAM LABU,kuih talam labu,MyFCD,https://myfcd.moh.gov.my/myfcdcurrent/index.php/site/detail_product/R211039/0/20/0/0/0,Rice and rice flour based,rice and rice flour based,,,,,,,,,,,,,,,,,,,,,,,,per 100g,2026-08-02T22:00:40.082385Z,2026-08-02T22:00:40.082385Z,23,0.0,"{""dg"":"""",""dc"":""""}"
myfcd_0153,"TRADITIONAL MALAYSIAN KUIH, SWEET GLUTINOUS RICE CAKE (WAJIK)","traditional malaysian kuih, sweet glutinous rice cake (wajik)",MyFCD,https://myfcd.moh.gov.my/myfcdcurrent/index.php/site/detail_product/R211044/0/20/0/0/0,Rice and rice flour based,rice and rice flour based,,,,,,,,,,,,,,,,,,,,,,,,per 100g,2026-08-02T22:00:40.082385Z,2026-08-02T22:00:40.082385Z,23,0.0,"{""dg"":"""",""dc"":""""}"
myfcd_0154,"DESSERT, RED TORTOISE CAKE (KUIH ANG KOO)","dessert, red tortoise cake (kuih ang koo)",MyFCD,https://myfcd.moh.gov.my/myfcdcurrent/index.php/site/detail_product/R211045/0/20/0/0/0,Rice and rice flour based,rice and rice flour based,,,,,,,,,,,,,,,,,,,,,,,,per 100g,2026-08-02T22:00:40.082385Z,2026-08-02T22:00:40.082385Z,23,0.0,"{""dg"":"""",""dc"":""""}"
myfcd_0155,Bahulu Kemboja,bahulu kemboja,MyFCD,https://myfcd.moh.gov.my/myfcdcurrent/index.php/site/detail_product/R212003/0/20/0/0/0,Wheat flour based,wheat flour based,49.6,,6.5004,8.646,,8.3405,0.485,1.532,69.9383,,35.46,112.1,0.0001,0.508,,,,,,,,,,per 100g,2026-08-02T22:00:40.082385Z,2026-08-02T22:00:40.082385Z,12,0.4783,
myfcd_0156,KEK PISANG,kek pisang,MyFCD,https://myfcd.moh.gov.my/myfcdcurrent/index.php/site/detail_product/R212005/0/20/0/0/0,Wheat flour based,wheat flour based,32.3,,5.6691,13.9056,,4.7932,1.145,1.248,83.2529,0.911,119.5,205.5,0.0001,0.425,,,,,,,,,,per 100g,2026-08-02T22:00:40.082385Z,2026-08-02T22:00:40.082385Z,11,0.5217,"{""dg"":"""",""dc"":""""}"
myfcd_0157,"DESSERT, FRUIT CAKE (KEK BUAH)","dessert, fruit cake (kek buah)",MyFCD,https://myfcd.moh.gov.my/myfcdcurrent/index.php/site/detail_product/R212007/0/20/0/0/0,Wheat flour based,wheat flour based,,,,,,,,,,,,,,,,,,,,,,,,per 100g,2026-08-02T22:00:40.082385Z,2026-08-02T22:00:40.082385Z,23,0.0,"{""dg"":"""",""dc"":""""}"
myfcd_0158,"CAKE, SPONGE (KEK SPAN)","cake, sponge (kek span)",MyFCD,https://myfcd.moh.gov.my/myfcdcurrent/index.php/site/detail_product/R212009/0/20/0/0/0,Wheat flour based,wheat flour based,17.3833,401.6067,7.12,18.78,51.0267,4.5267,1.1633,,,,,,,,,,,,,,,,,per 100g,2026-08-02T22:00:40.082385Z,2026-08-02T22:00:40.082385Z,16,0.3043,"{""dg"":"""",""dc"":""""}"
myfcd_0159,"CAKE, SWISS ROLL (KEK SWISS ROLL)","cake, swiss roll (kek swiss roll)",MyFCD,https://myfcd.moh.gov.my/myfcdcurrent/index.php/site/detail_product/R212010/0/20/0/0/0,Wheat flour based,wheat flour based,,,,,,,,,,,,,,,,,,,,,,,,per 100g,2026-08-02T22:00:40.082385Z,2026-08-02T22:00:40.082385Z,23,0.0,"{""dg"":"""",""dc"":""""}"
myfcd_0160,"CAKE, SWISS ROLL, CHOCOLATE FLAVOUR (KEK SWISS ROLL PERASA COKLAT)","cake, swiss roll, chocolate flavour (kek swiss roll perasa coklat)",MyFCD,https://myfcd.moh.gov.my/myfcdcurrent/index.php/site/detail_product/R212011/0/20/0/0/0,Wheat flour based,wheat flour based,30.1633,381.27,10.9067,28.1767,21.0133,8.2433,1.4967,,,,,,,,,,,,,,,,,per 100g,2026-08-02T22:00:40.082385Z,2026-08-02T22:00:40.082385Z,16,0.3043,"{""dg"":"""",""dc"":""""}"
myfcd_0161,CUCUR BAWANG,cucur bawang,MyFCD,https://myfcd.moh.gov.my/myfcdcurrent/index.php/site/detail_product/R212017/0/20/0/0/0,Wheat flour based,wheat flour based,43.5,,6.6413,6.4213,,2.5841,1.59,2.812,65.2635,2.038,443.8,76.88,0.0001,0.539,,,,,,,,,,per 100g,2026-08-02T22:00:40.082385Z,2026-08-02T22:00:40.082385Z,11,0.5217,"{""dg"":"""",""dc"":""""}"
myfcd_0162,"CAKE, CUP, WITH FROSTING/GLAZE (KEK CAWAN)","cake, cup, with frosting/glaze (kek cawan)",MyFCD,https://myfcd.moh.gov.my/myfcdcurrent/index.php/site/detail_product/R212026/0/20/0/0/0,Wheat flour based,wheat flour based,,,,,,,,,,,,,,,,,,,,,,,,per 100g,2026-08-02T22:00:40.082385Z,2026-08-02T22:00:40.082385Z,23,0.0,"{""dg"":"""",""dc"":""""}"
myfcd_0163,KARIPAP SARDIN,karipap sardin,MyFCD,https://myfcd.moh.gov.my/myfcdcurrent/index.php/site/detail_product/R212032/0/20/0/0/0,Wheat flour based,wheat flour based,22.7,,8.1958,21.7995,,6.3605,1.185,3.597,81.8284,0.771,,112.5,0.0001,0.462,,,,,,,,,,per 100g,2026-08-02T22:00:40.082385Z,2026-08-02T22:00:40.082385Z,12,0.4783,"{""dg"":"""",""dc"":""""}"
myfcd_0164,"TRADITIONAL MALAYSIAN KUIH, CINNAMON ROLLS  (KUIH CEMPIANG)","traditional malaysian kuih, cinnamon rolls (kuih cempiang)",MyFCD,https://myfcd.moh.gov.my/myfcdcurrent/index.php/site/detail_product/R212056/0/20/0/0/0,Wheat flour based,wheat flour based,,,,,,,,,,,,,,,,,,,,,,,,per 100g,2026-08-02T22:00:40.082385Z,2026-08-02T22:00:40.082385Z,23,0.0,"{""dg"":"""",""dc"":""""}"
myfcd_0165,CARA BERLAUK,cara berlauk,MyFCD,https://myfcd.moh.gov.my/myfcdcurrent/index.php/site/detail_product/R212057/0/20/0/0/0,Wheat flour based,wheat flour based,62.9,,5.6786,1.7472,,3.0944,0.75,1.8,50.5894,0.699,117.6,82.25,0.0001,0.425,,,,,,,,,,per 100g,2026-08-02T22:00:40.082385Z,2026-08-02T22:00:40.082385Z,11,0.5217,"{""dg"":"""",""dc"":""""}"
myfcd_0166,CARA MANIS,cara manis,MyFCD,https://myfcd.moh.gov.my/myfcdcurrent/index.php/site/detail_product/R212058/0/20/0/0/0,Wheat flour based,wheat flour based,56.8,,4.7064,2.854,,3.6561,0.71,1.445,49.5338,0.726,,73.15,0.0001,0.394,,,,,,,,,,per 100g,2026-08-02T22:00:40.082385Z,2026-08-02T22:00:40.082385Z,12,0.4783,"{""dg"":"""",""dc"":""""}"
myfcd_0167,LEPAT LABU,lepat labu,MyFCD,https://myfcd.moh.gov.my/myfcdcurrent/index.php/site/detail_product/R212071/0/20/0/0/0,Wheat flour based,wheat flour based,57.35,,3.0042,2.9802,,4.0681,,,48.4252,,,,,,,,,,,,,,,per 100g,2026-08-02T22:00:40.082385Z,2026-08-02T22:00:40.082385Z,18,0.2174,"{""dg"":"""",""dc"":""""}"
myfcd_0168,"DESSERT, MOON CAKES RED BEAN","dessert, moon cakes red bean",MyFCD,https://myfcd.moh.gov.my/myfcdcurrent/index.php/site/detail_product/R212074/0/20/0/0/0,Wheat flour based,wheat flour based,,,,,,,,,,,,,,,,,,,,,,,,per 100g,2026-08-02T22:00:40.082385Z,2026-08-02T22:00:40.082385Z,23,0.0,"{""dg"":"""",""dc"":""""}"
myfcd_0169,ROTI JALA,roti jala,MyFCD,https://myfcd.moh.gov.my/myfcdcurrent/index.php/site/detail_product/R212078/0/20/0/0/0,Wheat flour based,wheat flour based,53.7,,5.2011,3.3671,,3.4795,1.0,3.217,58.2924,0.885,241.2,68.64,0.0001,0.473,,,,,,,,,,per 100g,2026-08-02T22:00:40.082385Z,2026-08-02T22:00:40.082385Z,11,0.5217,"{""dg"":"""",""dc"":""""}"
myfcd_0170,"CAKE, CHEESE (KEK KEJU)","cake, cheese (kek keju)",MyFCD,https://myfcd.moh.gov.my/myfcdcurrent/index.php/site/detail_product/R212084/0/20/0/0/0,Wheat flour based,wheat flour based,,,,,,,,,,,,,,,,,,,,,,,,per 100g,2026-08-02T22:00:40.082385Z,2026-08-02T22:00:40.082385Z,23,0.0,"{""dg"":"""",""dc"":""""}"
myfcd_0171,"CAKE, CHOCOLATE (KEK COKLAT)","cake, chocolate (kek coklat)",MyFCD,https://myfcd.moh.gov.my/myfcdcurrent/index.php/site/detail_product/R212085/0/20/0/0/0,Wheat flour based,wheat flour based,,,,,,,,,,,,,,,,,,,,,,,,per 100g,2026-08-02T22:00:40.082385Z,2026-08-02T22:00:40.082385Z,23,0.0,"{""dg"":"""",""dc"":""""}"
myfcd_0172,"DESSERT, HONEYCOMB CAKE (KEK GULA HANGUS)","dessert, honeycomb cake (kek gula hangus)",MyFCD,https://myfcd.moh.gov.my/myfcdcurrent/index.php/site/detail_product/R212086/0/20/0/0/0,Wheat flour based,wheat flour based,,,,,,,,,,,,,,,,,,,,,,,,per 100g,2026-08-02T22:00:40.082385Z,2026-08-02T22:00:40.082385Z,23,0.0,"{""dg"":"""",""dc"":""""}"
myfcd_0173,"DESSERT, LAYER CAKE (KEK LAPIS SARAWAK)","dessert, layer cake (kek lapis sarawak)",MyFCD,https://myfcd.moh.gov.my/myfcdcurrent/index.php/site/detail_product/R212087/0/20/0/0/0,Wheat flour based,wheat flour based,19.51,429.0367,8.2833,25.57,41.4433,4.1133,1.08,,,,,,,,,,,,,,,,,per 100g,2026-08-02T22:00:40.082385Z,2026-08-02T22:00:40.082385Z,16,0.3043,"{""dg"":"""",""dc"":""""}"
myfcd_0174,"PASTRY, DANISH","pastry, danish",MyFCD,https://myfcd.moh.gov.my/myfcdcurrent/index.php/site/detail_product/R212088/0/20/0/0/0,Wheat flour based,wheat flour based,,,,,,,,,,,,,,,,,,,,,,,,per 100g,2026-08-02T22:00:40.082385Z,2026-08-02T22:00:40.082385Z,23,0.0,"{""dg"":"""",""dc"":""""}"
myfcd_0175,"PASTRY, PUFF, APPLE FILLING","pastry, puff, apple filling",MyFCD,https://myfcd.moh.gov.my/myfcdcurrent/index.php/site/detail_product/R212089/0/20/0/0/0,Wheat flour based,wheat flour based,20.4467,392.3233,5.4567,17.99,52.1467,2.97,0.99,,,,,,,,,,,,,,,,,per 100g,2026-08-02T22:00:40.082385Z,2026-08-02T22:00:40.082385Z,16,0.3043,"{""dg"":"""",""dc"":""""}"
myfcd_0176,"PASTRY, PUFF, CHOCOLATE FILLING","pastry, puff, chocolate filling",MyFCD,https://myfcd.moh.gov.my/myfcdcurrent/index.php/site/detail_product/R212090/0/20/0/0/0,Wheat flour based,wheat flour based,,,,,,,,,,,,,,,,,,,,,,,,per 100g,2026-08-02T22:00:40.082385Z,2026-08-02T22:00:40.082385Z,23,0.0,"{""dg"":"""",""dc"":""""}"
myfcd_0177,"TRADITIONAL MALAYSIAN KUIH, MINI EGG SPONGE CAKE (BAHULU CERMAI)","traditional malaysian kuih, mini egg sponge cake (bahulu cermai)",MyFCD,https://myfcd.moh.gov.my/myfcdcurrent/index.php/site/detail_product/R212091/0/20/0/0/0,Wheat flour based,wheat flour based,14.4433,359.0633,8.8867,5.6767,68.1067,2.0267,0.86,,,,,,,,,,,,,,,,,per 100g,2026-08-02T22:00:40.082385Z,2026-08-02T22:00:40.082385Z,16,0.3043,"{""dg"":"""",""dc"":""""}"
myfcd_0178,"DESSERT, MOON CAKES PURE LOTUS","dessert, moon cakes pure lotus",MyFCD,https://myfcd.moh.gov.my/myfcdcurrent/index.php/site/detail_product/R212092/0/20/0/0/0,Wheat flour based,wheat flour based,,,,,,,,,,,,,,,,,,,,,,,,per 100g,2026-08-02T22:00:40.082385Z,2026-08-02T22:00:40.082385Z,23,0.0,"{""dg"":"""",""dc"":""""}"
myfcd_0179,Koleh Kacang,koleh kacang,MyFCD,https://myfcd.moh.gov.my/myfcdcurrent/index.php/site/detail_product/R213004/0/20/0/0/0,Legume based,legume based,53.9,,4.65,6.65,,10.5314,,,84.9238,,,,,,,,,,,,,,,per 100g,2026-08-02T22:00:40.082385Z,2026-08-02T22:00:40.082385Z,18,0.2174,
myfcd_0180,"TRADITIONAL MALAYSIAN KUIH, FLOUR AND GHEE SUGAR BASED, SPHERE-SHAPED SWEETS (LADDU)","traditional malaysian kuih, flour and ghee sugar based, sphere-shaped sweets (laddu)",MyFCD,https://myfcd.moh.gov.my/myfcdcurrent/index.php/site/detail_product/R213007/0/20/0/0/0,Legume based,legume based,,,,,,,,,,,,,,,,,,,,,,,,per 100g,2026-08-02T22:00:40.082385Z,2026-08-02T22:00:40.082385Z,23,0.0,"{""dg"":"""",""dc"":""""}"
myfcd_0181,"TRADITIONAL MALAYSIAN KUIH, GLUTINOUS RICE BALLS IN COCONUT MILK (BADAK BERENDAM)","traditional malaysian kuih, glutinous rice balls in coconut milk (badak berendam)",MyFCD,https://myfcd.moh.gov.my/myfcdcurrent/index.php/site/detail_product/R214002/0/20/0/0/0,Glutinous rice based,glutinous rice based,,,,,,,,,,,,,,,,,,,,,,,,per 100g,2026-08-02T22:00:40.082385Z,2026-08-02T22:00:40.082385Z,23,0.0,"{""dg"":"""",""dc"":""""}"
myfcd_0182,"TRADITIONAL MALAYSIAN KUIH, GLUTINOUS RICE FLOUR AND COCONUT MILK BASED, BOILED PALM SUGAR TOFFEE-LIKE SWEET (DODOL)","traditional malaysian kuih, glutinous rice flour and coconut milk based, boiled palm sugar toffee-like sweet (dodol)",MyFCD,https://myfcd.moh.gov.my/myfcdcurrent/index.php/site/detail_product/R214006/0/20/0/0/0,Glutinous rice based,glutinous rice based,,,,,,,,,,,,,,,,,,,,,,,,per 100g,2026-08-02T22:00:40.082385Z,2026-08-02T22:00:40.082385Z,23,0.0,"{""dg"":"""",""dc"":""""}"
myfcd_0183,"TRADITIONAL MALAYSIAN KUIH, SESAME BALLS (KUIH BOM)","traditional malaysian kuih, sesame balls (kuih bom)",MyFCD,https://myfcd.moh.gov.my/myfcdcurrent/index.php/site/detail_product/R214010/0/20/0/0/0,Glutinous rice based,glutinous rice based,22.0153,335.3433,6.5433,11.59,51.2133,7.38,1.2567,,,,,,,,,,,,,,,,,per 100g,2026-08-02T22:00:40.082385Z,2026-08-02T22:00:40.082385Z,16,0.3043,"{""dg"":"""",""dc"":""""}"
myfcd_0184,"TRADITIONAL MALAYSIAN KUIH, SWEET BLACK GLUTINOUS RICE DUMPLING STUFFED WITH GRATED COCONUT FILLING (KUIH KOCI PULUT HITAM)","traditional malaysian kuih, sweet black glutinous rice dumpling stuffed with grated coconut filling (kuih koci pulut hitam)",MyFCD,https://myfcd.moh.gov.my/myfcdcurrent/index.php/site/detail_product/R214016/0/20/0/0/0,Glutinous rice based,glutinous rice based,,,,,,,,,,,,,,,,,,,,,,,,per 100g,2026-08-02T22:00:40.082385Z,2026-08-02T22:00:40.082385Z,23,0.0,"{""dg"":"""",""dc"":""""}"
myfcd_0185,"TRADITIONAL MALAYSIAN KUIH, SWEET FERMENTED GLUTINOUS RICE (TAPAI PULUT)","traditional malaysian kuih, sweet fermented glutinous rice (tapai pulut)",MyFCD,https://myfcd.moh.gov.my/myfcdcurrent/index.php/site/detail_product/R214032/0/20/0/0/0,Glutinous rice based,glutinous rice based,,,,,,,,,,,,,,,,,,,,,,,,per 100g,2026-08-02T22:00:40.082385Z,2026-08-02T22:00:40.082385Z,23,0.0,"{""dg"":"""",""dc"":""""}"
myfcd_0186,"TRADITIONAL MALAYSIAN KUIH, GLUTINUOS RICE FLOUR BASED STUFFED WITH GRATED COCONUT COATED WITH MUNG BEAN POWDER (KUIH TEPUNG GOMAK)","traditional malaysian kuih, glutinuos rice flour based stuffed with grated coconut coated with mung bean powder (kuih tepung gomak)",MyFCD,https://myfcd.moh.gov.my/myfcdcurrent/index.php/site/detail_product/R214034/0/20/0/0/0,Glutinous rice based,glutinous rice based,,,,,,,,,,,,,,,,,,,,,,,,per 100g,2026-08-02T22:00:40.082385Z,2026-08-02T22:00:40.082385Z,23,0.0,"{""dg"":"""",""dc"":""""}"
myfcd_0187,Cakar Ayam,cakar ayam,MyFCD,https://myfcd.moh.gov.my/myfcdcurrent/index.php/site/detail_product/R215003/0/20/0/0/0,Tuber based,tuber based,6.405,,1.0,17.05,,9.1488,,,66.8311,,,,,,,,,,,,,,,per 100g,2026-08-02T22:00:40.082385Z,2026-08-02T22:00:40.082385Z,18,0.2174,
myfcd_0188,Keledek Goreng,keledek goreng,MyFCD,https://myfcd.moh.gov.my/myfcdcurrent/index.php/site/detail_product/R215004/0/20/0/0/0,Tuber based,tuber based,47.85,,1.9,10.45,,6.5351,,,47.3451,,,,,,,,,,,,,,,per 100g,2026-08-02T22:00:40.082385Z,2026-08-02T22:00:40.082385Z,18,0.2174,
myfcd_0189,Samosa,samosa,MyFCD,https://myfcd.moh.gov.my/myfcdcurrent/index.php/site/detail_product/R216012/0/20/0/0/0,Vegetables and fruits based,vegetables and fruits based,36.05,,5.4,17.5,,31.3147,,,70.2386,,,,,,,,,,,,,,,per 100g,2026-08-02T22:00:40.082385Z,2026-08-02T22:00:40.082385Z,18,0.2174,
myfcd_0190,"DESSERT, COCONUT MILK BASED, SWEET POTATOES AND TARO IN COCONUT MILK (BUBUR CHA CHA)","dessert, coconut milk based, sweet potatoes and taro in coconut milk (bubur cha cha)",MyFCD,https://myfcd.moh.gov.my/myfcdcurrent/index.php/site/detail_product/R217005/0/20/0/0/0,Porridge and <i>pengat</i>,porridge and ipengat/i,33.8003,309.0475,2.54,5.61,65.89,2.5833,0.9467,,,,,,,,,,,,,,,,,per 100g,2026-08-02T22:00:40.082385Z,2026-08-02T22:00:40.082385Z,16,0.3043,"{""dg"":"""",""dc"":""""}"
myfcd_0191,"DESSERT, CORN IN SWEETENED COCONUT MILK (BUBUR JAGUNG)","dessert, corn in sweetened coconut milk (bubur jagung)",MyFCD,https://myfcd.moh.gov.my/myfcdcurrent/index.php/site/detail_product/R217007/0/20/0/0/0,Porridge and <i>pengat</i>,porridge and ipengat/i,47.451,213.3333,2.6233,4.2433,41.1633,3.2933,1.2267,,,,,,,,,,,,,,,,,per 100g,2026-08-02T22:00:40.082385Z,2026-08-02T22:00:40.082385Z,16,0.3043,"{""dg"":"""",""dc"":""""}"
myfcd_0192,"DESSERT, BLACK GLUTINOUS RICE PORRIDGE (BUBUR PULUT HITAM)","dessert, black glutinous rice porridge (bubur pulut hitam)",MyFCD,https://myfcd.moh.gov.my/myfcdcurrent/index.php/site/detail_product/R217021/0/20/0/0/0,Porridge and <i>pengat</i>,porridge and ipengat/i,44.835,271.7125,2.5767,4.17,58.9575,2.3767,0.7633,,,,,,,,,,,,,,,,,per 100g,2026-08-02T22:00:40.082385Z,2026-08-02T22:00:40.082385Z,16,0.3043,"{""dg"":"""",""dc"":""""}"
myfcd_0193,"DESSERT, SAGO PORRIDGE (BUBUR SAGU)","dessert, sago porridge (bubur sagu)",MyFCD,https://myfcd.moh.gov.my/myfcdcurrent/index.php/site/detail_product/R217022/0/20/0/0/0,Porridge and <i>pengat</i>,porridge and ipengat/i,44.0077,240.3167,2.8533,4.4667,47.1767,0.92,0.5767,,,,,,,,,,,,,,,,,per 100g,2026-08-02T22:00:40.082385Z,2026-08-02T22:00:40.082385Z,16,0.3043,"{""dg"":"""",""dc"":""""}"
myfcd_0194,"DESEERT, COCONUT MILK JELLY (AGAR-AGAR SANTAN)","deseert, coconut milk jelly (agar-agar santan)",MyFCD,https://myfcd.moh.gov.my/myfcdcurrent/index.php/site/detail_product/R218004/0/20/0/0/0,Miscellaneous,miscellaneous,,,,,,,,,,,,,,,,,,,,,,,,per 100g,2026-08-02T22:00:40.082385Z,2026-08-02T22:00:40.082385Z,23,0.0,"{""dg"":"""",""dc"":""""}"
myfcd_0195,"DESSERT , CARAMEL PUDDING","dessert , caramel pudding",MyFCD,https://myfcd.moh.gov.my/myfcdcurrent/index.php/site/detail_product/R218007/0/20/0/0/0,Miscellaneous,miscellaneous,,,,,,,,,,,,,,,,,,,,,,,,per 100g,2026-08-02T22:00:40.082385Z,2026-08-02T22:00:40.082385Z,23,0.0,"{""dg"":"""",""dc"":""""}"
myfcd_0196,"CREAM ROLL, VANILLA FLAVOUR","cream roll, vanilla flavour",MyFCD,https://myfcd.moh.gov.my/myfcdcurrent/index.php/site/detail_product/R218011/0/20/0/0/0,Miscellaneous,miscellaneous,28.2527,377.2325,6.86,20.7067,54.22,4.1533,1.0667,,,,,,,,,,,,,,,,,per 100g,2026-08-02T22:00:40.082385Z,2026-08-02T22:00:40.082385Z,16,0.3043,"{""dg"":"""",""dc"":""""}"
myfcd_0197,"TRADITIONAL MALAYSIAN KUIH, COCONUT CREAM COOKIES (KUIH BANGKIT)","traditional malaysian kuih, coconut cream cookies (kuih bangkit)",MyFCD,https://myfcd.moh.gov.my/myfcdcurrent/index.php/site/detail_product/R218019/0/20/0/0/0,Miscellaneous,miscellaneous,5.8,412.0733,1.54,7.9533,83.5833,0.9333,0.19,,,,,,,,,,,,,,,,,per 100g,2026-08-02T22:00:40.082385Z,2026-08-02T22:00:40.082385Z,16,0.3043,"{""dg"":"""",""dc"":""""}"
myfcd_0198,"TRADITIONAL MALAYSIAN KUIH, FLOUR BASED, WITH RED PALM SUGAR  (KUIH CINCIN)","traditional malaysian kuih, flour based, with red palm sugar (kuih cincin)",MyFCD,https://myfcd.moh.gov.my/myfcdcurrent/index.php/site/detail_product/R218023/0/20/0/0/0,Miscellaneous,miscellaneous,1.9167,516.58,5.49,27.3133,62.2,2.58,0.5,,,,,,,,,,,,,,,,,per 100g,2026-08-02T22:00:40.082385Z,2026-08-02T22:00:40.082385Z,16,0.3043,"{""dg"":"""",""dc"":""""}"
myfcd_0199,"DESSERT, BREAD PUDDING","dessert, bread pudding",MyFCD,https://myfcd.moh.gov.my/myfcdcurrent/index.php/site/detail_product/R218036/0/20/0/0/0,Miscellaneous,miscellaneous,,,,,,,,,,,,,,,,,,,,,,,,per 100g,2026-08-02T22:00:40.082385Z,2026-08-02T22:00:40.082385Z,23,0.0,"{""dg"":"""",""dc"":""""}"
myfcd_0200,"DESSERT, PUDDING, MILK (PUDING SUSU)","dessert, pudding, milk (puding susu)",MyFCD,https://myfcd.moh.gov.my/myfcdcurrent/index.php/site/detail_product/R218037/0/20/0/0/0,Miscellaneous,miscellaneous,44.4537,222.5167,2.02,2.9433,46.99,2.9867,0.61,,,,,,,,,,,,,,,,,per 100g,2026-08-02T22:00:40.082385Z,2026-08-02T22:00:40.082385Z,16,0.3043,"{""dg"":"""",""dc"":""""}"
myfcd_0201,"DESSERT, BROWNIES, CHOCOLATE","dessert, brownies, chocolate",MyFCD,https://myfcd.moh.gov.my/myfcdcurrent/index.php/site/detail_product/R218048/0/20/0/0/0,Miscellaneous,miscellaneous,,,,,,,,,,,,,,,,,,,,,,,,per 100g,2026-08-02T22:00:40.082385Z,2026-08-02T22:00:40.082385Z,23,0.0,"{""dg"":"""",""dc"":""""}"
myfcd_0202,"DESSERT, CHEESE TART","dessert, cheese tart",MyFCD,https://myfcd.moh.gov.my/myfcdcurrent/index.php/site/detail_product/R218049/0/20/0/0/0,Miscellaneous,miscellaneous,,,,,,,,,,,,,,,,,,,,,,,,per 100g,2026-08-02T22:00:40.082385Z,2026-08-02T22:00:40.082385Z,23,0.0,"{""dg"":"""",""dc"":""""}"
myfcd_0203,"DESSERT, SHAVED ICE, ABC (AIR BATU CAMPUR/AIS KACANG)","dessert, shaved ice, abc (air batu campur/ais kacang)",MyFCD,https://myfcd.moh.gov.my/myfcdcurrent/index.php/site/detail_product/R218050/0/20/0/0/0,Miscellaneous,miscellaneous,,,,,,,,,,,,,,,,,,,,,,,,per 100g,2026-08-02T22:00:40.082385Z,2026-08-02T22:00:40.082385Z,23,0.0,"{""dg"":"""",""dc"":""""}"
myfcd_0204,"DOUGHNUT, WITH FROSTING/GLAZE (DONUT)","doughnut, with frosting/glaze (donut)",MyFCD,https://myfcd.moh.gov.my/myfcdcurrent/index.php/site/detail_product/R218051/0/20/0/0/0,Miscellaneous,miscellaneous,,,,,,,,,,,,,,,,,,,,,,,,per 100g,2026-08-02T22:00:40.082385Z,2026-08-02T22:00:40.082385Z,23,0.0,"{""dg"":"""",""dc"":""""}"
myfcd_0205,"DESSERT, SOY MILK CUSTARD (TAUFU-FAH)","dessert, soy milk custard (taufu-fah)",MyFCD,https://myfcd.moh.gov.my/myfcdcurrent/index.php/site/detail_product/R218052/0/20/0/0/0,Miscellaneous,miscellaneous,65.8933,135.45,3.3433,0.93,28.4267,0.4233,0.9833,,,,,,,,,,,,,,,,,per 100g,2026-08-02T22:00:40.082385Z,2026-08-02T22:00:40.082385Z,16,0.3043,"{""dg"":"""",""dc"":""""}"
myfcd_0206,"RICE, ""DAGANG"" (NASI DAGANG)(COMPLETE SET)","rice, dagang (nasi dagang)(complete set)",MyFCD,https://myfcd.moh.gov.my/myfcdcurrent/index.php/site/detail_product/R221079/0/20/0/0/0,Cereal based,cereal based,55.1433,196.4133,6.6633,6.3333,28.19,1.7333,1.9367,,,,,,,,,,,,,,,,,per 100g,2026-08-02T22:00:40.082385Z,2026-08-02T22:00:40.082385Z,16,0.3043,"{""dg"":"""",""dc"":""""}"
myfcd_0207,"RICE, ARAB (NASI ARAB)","rice, arab (nasi arab)",MyFCD,https://myfcd.moh.gov.my/myfcdcurrent/index.php/site/detail_product/R221081/0/20/0/0/0,Cereal based,cereal based,46.4767,222.3533,5.1967,4.2733,40.7767,1.7833,1.4933,,,,,,,,,,,,,,,,,per 100g,2026-08-02T22:00:40.082385Z,2026-08-02T22:00:40.082385Z,16,0.3043,"{""dg"":"""",""dc"":""""}"
myfcd_0208,"RICE, BRIYANI (RICE ONLY) (BASMATHI RICE)","rice, briyani (rice only) (basmathi rice)",MyFCD,https://myfcd.moh.gov.my/myfcdcurrent/index.php/site/detail_product/R221083/0/20/0/0/0,Cereal based,cereal based,57.1333,190.4533,2.5933,5.96,31.61,1.2667,1.4367,,,,,,,,,,,,,,,,,per 100g,2026-08-02T22:00:40.082385Z,2026-08-02T22:00:40.082385Z,16,0.3043,"{""dg"":"""",""dc"":""""}"
myfcd_0209,"RICE, KERABU (NASI KERABU)(COMPLETE SET)","rice, kerabu (nasi kerabu)(complete set)",MyFCD,https://myfcd.moh.gov.my/myfcdcurrent/index.php/site/detail_product/R221088/0/20/0/0/0,Cereal based,cereal based,47.09,208.9867,4.0033,2.9867,41.5233,2.8233,1.5733,,,,,,,,,,,,,,,,,per 100g,2026-08-02T22:00:40.082385Z,2026-08-02T22:00:40.082385Z,16,0.3043,"{""dg"":"""",""dc"":""""}"
myfcd_0210,"RICE, BRIYANI (AYAM)","rice, briyani (ayam)",MyFCD,https://myfcd.moh.gov.my/myfcdcurrent/index.php/site/detail_product/R221107/0/20/0/0/0,Cereal based,cereal based,64.3133,158.6567,3.2367,5.3633,24.36,1.27,1.4567,,,,,,,,,,,,,,,,,per 100g,2026-08-02T22:00:40.082385Z,2026-08-02T22:00:40.082385Z,16,0.3043,"{""dg"":"""",""dc"":""""}"
myfcd_0211,"RICE, BRIYANI (DAGING)","rice, briyani (daging)",MyFCD,https://myfcd.moh.gov.my/myfcdcurrent/index.php/site/detail_product/R221108/0/20/0/0/0,Cereal based,cereal based,57.6133,194.5667,7.85,8.0733,37.07,1.7833,2.0533,,,,,,,,,,,,,,,,,per 100g,2026-08-02T22:00:40.082385Z,2026-08-02T22:00:40.082385Z,16,0.3043,"{""dg"":"""",""dc"":""""}"
myfcd_0212,NASI ARAB SET KHABSYAH (KAMBING),nasi arab set khabsyah (kambing),MyFCD,https://myfcd.moh.gov.my/myfcdcurrent/index.php/site/detail_product/R221109/0/20/0/0/0,Cereal based,cereal based,56.2633,205.6133,3.59,7.9333,29.9633,0.8,1.45,,,,,,,,,,,,,,,,,per 100g,2026-08-02T22:00:40.082385Z,2026-08-02T22:00:40.082385Z,16,0.3043,"{""dg"":"""",""dc"":""""}"
myfcd_0213,NASI ARAB SET MANDY (AYAM),nasi arab set mandy (ayam),MyFCD,https://myfcd.moh.gov.my/myfcdcurrent/index.php/site/detail_product/R221110/0/20/0/0/0,Cereal based,cereal based,64.9767,147.64,3.7367,3.8425,24.5267,1.1333,1.7833,,,,,,,,,,,,,,,,,per 100g,2026-08-02T22:00:40.082385Z,2026-08-02T22:00:40.082385Z,16,0.3043,"{""dg"":"""",""dc"":""""}"
myfcd_0214,"RICE, ""DAGANG"" (NASI DAGANG)(RICE ONLY)","rice, dagang (nasi dagang)(rice only)",MyFCD,https://myfcd.moh.gov.my/myfcdcurrent/index.php/site/detail_product/R221113/0/20/0/0/0,Cereal based,cereal based,54.6433,125.1448,3.2667,1.89,38.2933,0.8,1.1067,,,,,,,,,,,,,,,,,per 100g,2026-08-02T22:00:40.082385Z,2026-08-02T22:00:40.082385Z,16,0.3043,"{""dg"":"""",""dc"":""""}"
myfcd_0215,BEEF RENDANG (RENDANG DAGING LEMBU),beef rendang (rendang daging lembu),MyFCD,https://myfcd.moh.gov.my/myfcdcurrent/index.php/site/detail_product/R222004/0/20/0/0/0,Meat dishes,meat dishes,35.52,360.1,18.7567,23.46,18.4833,2.9333,0.8467,,,,,,,,,,,,,,,,,per 100g,2026-08-02T22:00:40.082385Z,2026-08-02T22:00:40.082385Z,16,0.3043,"{""dg"":"""",""dc"":""""}"
myfcd_0216,"BEEF, FLOSS (SERUNDING DAGING)","beef, floss (serunding daging)",MyFCD,https://myfcd.moh.gov.my/myfcdcurrent/index.php/site/detail_product/R222008/0/20/0/0/0,Meat dishes,meat dishes,6.8167,434.8533,23.0767,20.2533,40.0667,8.0,1.7867,,,,,,,,,,,,,,,,,per 100g,2026-08-02T22:00:40.082385Z,2026-08-02T22:00:40.082385Z,16,0.3043,"{""dg"":"""",""dc"":""""}"
myfcd_0217,CHICKEN CHOP (BELAHAN AYAM TANPA TULANG),chicken chop (belahan ayam tanpa tulang),MyFCD,https://myfcd.moh.gov.my/myfcdcurrent/index.php/site/detail_product/R222022/0/20/0/0/0,Meat dishes,meat dishes,47.42,263.6567,16.9,15.4967,14.1467,5.5667,0.47,,,,,,,,,,,,,,,,,per 100g,2026-08-02T22:00:40.082385Z,2026-08-02T22:00:40.082385Z,16,0.3043,"{""dg"":"""",""dc"":""""}"
myfcd_0218,CHICKEN SATAY (SATAY AYAM),chicken satay (satay ayam),MyFCD,https://myfcd.moh.gov.my/myfcdcurrent/index.php/site/detail_product/R222029/0/20/0/0/0,Meat dishes,meat dishes,32.876,187.2167,28.3233,11.7733,5.28,34.0333,1.0033,,,,,,,,,,,,,,,,,per 100g,2026-08-02T22:00:40.082385Z,2026-08-02T22:00:40.082385Z,16,0.3043,"{""dg"":"""",""dc"":""""}"
myfcd_0219,"ANCHOVY, DRIED, FRIED IN CHILLI (IKAN BILIS SAMBAL)","anchovy, dried, fried in chilli (ikan bilis sambal)",MyFCD,https://myfcd.moh.gov.my/myfcdcurrent/index.php/site/detail_product/R223003/0/20/0/0/0,Fish and sea-food dishes,fish and sea-food dishes,22.0333,364.7433,16.2067,21.3833,26.8667,12.11,1.4,,,,,,,,,,,,,,,,,per 100g,2026-08-02T22:00:40.082385Z,2026-08-02T22:00:40.082385Z,16,0.3043,"{""dg"":"""",""dc"":""""}"
myfcd_0220,"CATFISH, FRIED IN CHILLI (IKAN KELI GORENG BERLADA)","catfish, fried in chilli (ikan keli goreng berlada)",MyFCD,https://myfcd.moh.gov.my/myfcdcurrent/index.php/site/detail_product/R223015/0/20/0/0/0,Fish and sea-food dishes,fish and sea-food dishes,29.2433,424.97,16.2667,31.9567,18.0733,3.4,1.06,,,,,,,,,,,,,,,,,per 100g,2026-08-02T22:00:40.082385Z,2026-08-02T22:00:40.082385Z,16,0.3043,"{""dg"":"""",""dc"":""""}"
myfcd_0221,"COCKLES, BOILED (KERANG REBUS)","cockles, boiled (kerang rebus)",MyFCD,https://myfcd.moh.gov.my/myfcdcurrent/index.php/site/detail_product/R223019/0/20/0/0/0,Fish and sea-food dishes,fish and sea-food dishes,68.02,135.8233,14.7433,2.1833,14.3,0.7,0.0533,,,,,,,,,,,,,,,,,per 100g,2026-08-02T22:00:40.082385Z,2026-08-02T22:00:40.082385Z,16,0.3043,"{""dg"":"""",""dc"":""""}"
myfcd_0222,"CRAB, IN COCONUT MILK (KETAM MASAK LEMAK CILI API)","crab, in coconut milk (ketam masak lemak cili api)",MyFCD,https://myfcd.moh.gov.my/myfcdcurrent/index.php/site/detail_product/R223027/0/20/0/0/0,Fish and sea-food dishes,fish and sea-food dishes,76.9067,116.6467,9.69,5.9133,6.1667,1.3,0.0233,,,,,,,,,,,,,,,,,per 100g,2026-08-02T22:00:40.082385Z,2026-08-02T22:00:40.082385Z,16,0.3043,"{""dg"":"""",""dc"":""""}"
myfcd_0223,"CUTTLEFISH, DRIED, FRIED IN CHILLI (SAMBAL SOTONG KERING)","cuttlefish, dried, fried in chilli (sambal sotong kering)",MyFCD,https://myfcd.moh.gov.my/myfcdcurrent/index.php/site/detail_product/R223030/0/20/0/0/0,Fish and sea-food dishes,fish and sea-food dishes,39.9667,283.44,15.45,16.2933,18.75,8.8333,0.7067,,,,,,,,,,,,,,,,,per 100g,2026-08-02T22:00:40.082385Z,2026-08-02T22:00:40.082385Z,16,0.3043,"{""dg"":"""",""dc"":""""}"
myfcd_0224,"STINGRAY, COOKED IN TAMARIND (IKAN PARI MASAK ASAM PEDAS)","stingray, cooked in tamarind (ikan pari masak asam pedas)",MyFCD,https://myfcd.moh.gov.my/myfcdcurrent/index.php/site/detail_product/R223080/0/20/0/0/0,Fish and sea-food dishes,fish and sea-food dishes,69.0167,114.9567,21.6833,2.5833,2.565,4.0667,1.4067,,,,,,,,,,,,,,,,,per 100g,2026-08-02T22:00:40.082385Z,2026-08-02T22:00:40.082385Z,16,0.3043,"{""dg"":"""",""dc"":""""}"
myfcd_0225,"CABBAGE, FRIED (KOBIS GORENG)","cabbage, fried (kobis goreng)",MyFCD,https://myfcd.moh.gov.my/myfcdcurrent/index.php/site/detail_product/R224014/0/20/0/0/0,Vegetable dishes,vegetable dishes,73.44,159.0967,2.5067,11.6833,10.98,1.3667,0.0233,,,,,,,,,,,,,,,,,per 100g,2026-08-02T22:00:40.082385Z,2026-08-02T22:00:40.082385Z,16,0.3043,"{""dg"":"""",""dc"":""""}"
myfcd_0226,KALE WITH SALTED FISH (KAILAN IKAN MASIN),kale with salted fish (kailan ikan masin),MyFCD,https://myfcd.moh.gov.my/myfcdcurrent/index.php/site/detail_product/R224026/0/20/0/0/0,Vegetable dishes,vegetable dishes,48.9867,287.5267,8.23,20.58,17.3467,4.8,0.0567,,,,,,,,,,,,,,,,,per 100g,2026-08-02T22:00:40.082385Z,2026-08-02T22:00:40.082385Z,16,0.3043,"{""dg"":"""",""dc"":""""}"
myfcd_0227,"MIX VEGETABLES, STIR FRIED (SAYUR CAMPUR GORENG)","mix vegetables, stir fried (sayur campur goreng)",MyFCD,https://myfcd.moh.gov.my/myfcdcurrent/index.php/site/detail_product/R224034/0/20/0/0/0,Vegetable dishes,vegetable dishes,66.4667,146.55,4.4,6.39,17.86,4.8533,0.03,,,,,,,,,,,,,,,,,per 100g,2026-08-02T22:00:40.082385Z,2026-08-02T22:00:40.082385Z,16,0.3043,"{""dg"":"""",""dc"":""""}"
myfcd_0228,"SPINACH, (BAYAM MASAK AIR)","spinach, (bayam masak air)",MyFCD,https://myfcd.moh.gov.my/myfcdcurrent/index.php/site/detail_product/R224046/0/20/0/0/0,Vegetable dishes,vegetable dishes,78.99,91.21,3.4567,2.41,13.9233,0.87,0.35,,,,,,,,,,,,,,,,,per 100g,2026-08-02T22:00:40.082385Z,2026-08-02T22:00:40.082385Z,16,0.3043,"{""dg"":"""",""dc"":""""}"
myfcd_0229,"SWAMP CABBAGE, FRIED WITH BELACAN (KANGKUNG GORENG BELACAN)","swamp cabbage, fried with belacan (kangkung goreng belacan)",MyFCD,https://myfcd.moh.gov.my/myfcdcurrent/index.php/site/detail_product/R224048/0/20/0/0/0,Vegetable dishes,vegetable dishes,74.8767,132.2933,3.59,7.9333,11.6333,1.3667,0.6,,,,,,,,,,,,,,,,,per 100g,2026-08-02T22:00:40.082385Z,2026-08-02T22:00:40.082385Z,16,0.3043,"{""dg"":"""",""dc"":""""}"
myfcd_0230,"TRADITIONAL MALAYSIAN KUIH, SWEET FERMENTED TAPIOCA (TAPAI UBI KAYU)","traditional malaysian kuih, sweet fermented tapioca (tapai ubi kayu)",MyFCD,https://myfcd.moh.gov.my/myfcdcurrent/index.php/site/detail_product/R224049/0/20/0/0/0,Vegetable dishes,vegetable dishes,32.4397,248.5133,0.85,0.2033,60.8167,3.8567,1.83,,,,,,,,,,,,,,,,,per 100g,2026-08-02T22:00:40.082385Z,2026-08-02T22:00:40.082385Z,16,0.3043,"{""dg"":"""",""dc"":""""}"
myfcd_0231,ROJAK PASTE,rojak paste,MyFCD,https://myfcd.moh.gov.my/myfcdcurrent/index.php/site/detail_product/R225015/0/20/0/0/0,Miscellaneous,miscellaneous,,,,,,,,,,,,,,,,,,,,,,,,per 100g,2026-08-02T22:00:40.082385Z,2026-08-02T22:00:40.082385Z,23,0.0,"{""dg"":"""",""dc"":""""}"
myfcd_0232,"COFFEE, WITH MILK AND SUGAR, FROM MAMAK STALLS","coffee, with milk and sugar, from mamak stalls",MyFCD,https://myfcd.moh.gov.my/myfcdcurrent/index.php/site/detail_product/R225024/0/20/0/0/0,Miscellaneous,miscellaneous,48.123,207.01,0.172,0.0183,51.54,,0.1477,,,,,,,,,,,,,,,,,per 100g,2026-08-02T22:00:40.082385Z,2026-08-02T22:00:40.082385Z,17,0.2609,"{""dg"":"""",""dc"":""""}"
myfcd_0233,"PEARL MILK TEA (WITH BREWED TEA, MILK, SUGAR SYRUP, TAPIOCA PEARLS), NORMAL SUGAR","pearl milk tea (with brewed tea, milk, sugar syrup, tapioca pearls), normal sugar",MyFCD,https://myfcd.moh.gov.my/myfcdcurrent/index.php/site/detail_product/R237013/0/20/0/0/0,Miscellaneous,miscellaneous,,,,,,,,,,,,,,,,,,,,,,,,per 100g,2026-08-02T22:00:40.082385Z,2026-08-02T22:00:40.082385Z,23,0.0,"{""dg"":"""",""dc"":""""}"
myfcd_0234,"ICE CHOCOLATE BLENDED, WITH WHIPPING CREAM","ice chocolate blended, with whipping cream",MyFCD,https://myfcd.moh.gov.my/myfcdcurrent/index.php/site/detail_product/R237014/0/20/0/0/0,Miscellaneous,miscellaneous,82.55,201.082,0.6767,0.11,49.716,0.2,0.27,,,,,,,,,,,,,,,,,per 100g,2026-08-02T22:00:40.082385Z,2026-08-02T22:00:40.082385Z,16,0.3043,"{""dg"":"""",""dc"":""""}"
