food_name_original,source,source_url,category_original,unit_basis,notes,myfcd_id,water_g,energy_kcal,protein_g,fat_g,carbohydrate_g,fiber_g,ash_g,calcium_mg,phosphorus_mg,iron_mg,sodium_mg,potassium_mg,copper_mg,zinc_mg,retinol_mcg,beta_carotene_mcg,vitamin_b1_mg,vitamin_b2_mg,niacin_mg,vitamin_c_mg
"BISCUIT, COCONUT",MyFCD,https://myfcd.moh.gov.my/myfcdcurrent/index.php/site/detail_product/R101061/0/20/0/0/0,Cereals and grain products,per 100g,"{""dg"":"""",""dc"":""""}",R101061,2.2267,450.4433,8.3233,17.4433,65.04,5.2,1.7667,,,,,,,,,,,,,
"BISCUIT, LEMON PUFF",MyFCD,https://myfcd.moh.gov.my/myfcdcurrent/index.php/site/detail_product/R101069/0/20/0/0/0,Cereals and grain products,per 100g,"{""dg"":"""",""dc"":""""}",R101069,2.66,454.685,7.87,18.7983,63.505,5.1667,2.0,83.6667,107.3333,1.49,518.6667,71.75,0.0001,0.5667,0.04,0.0,0.9127,0.0967,0.0,0.0
"BISCUIT, MARIE",MyFCD,https://myfcd.moh.gov.my/myfcdcurrent/index.php/site/detail_product/R101070/0/20/0/0/0,Cereals and grain products,per 100g,"{""dg"":"""",""dc"":""""}",R101070,3.8933,446.16,8.4633,16.8933,65.0667,3.5833,2.1,70.5,100.1667,1.55,575.5,95.6,0.04,0.5783,0.0,0.0,0.155,0.085,0.5183,0.0
"BISCUIT, MILK (BISKUT SUSU)",MyFCD,https://myfcd.moh.gov.my/myfcdcurrent/index.php/site/detail_product/R101071/0/20/0/0/0,Cereals and grain products,per 100g,"{""dg"":"""",""dc"":""""}",R101071,2.8317,472.5,8.825,21.4183,58.2467,5.7633,2.9167,391.5,116.0,3.0833,641.1667,123.0,0.0001,0.5983,0.0468,0.0,0.0767,0.2783,0.0,0.0
CROISSANT,MyFCD,https://myfcd.moh.gov.my/myfcdcurrent/index.php/site/detail_product/R101081/0/20/0/0/0,Cereals and grain products,per 100g,"{""dg"":"""",""dc"":""""}",R101081,16.28,413.58,8.6725,20.25,37.2469,4.2375,1.4,,85.5,,,,,,0.0,0.0,,,,
"BREAD, RAISIN (ROTI KISMIS)",MyFCD,https://myfcd.moh.gov.my/myfcdcurrent/index.php/site/detail_product/R101086/0/20/0/0/0,Cereals and grain products,per 100g,"{""dg"":"""",""dc"":""""}",R101086,3.062,449.212,9.924,19.252,59.062,6.5,2.2,5116.8,32956.4,304.04,102198.4,23128.2,200.3205,2608.8,0.0118,0.0,0.172,5.342,2.364,0.0
"BUN, CHEESE (BAN KEJU)",MyFCD,https://myfcd.moh.gov.my/myfcdcurrent/index.php/site/detail_product/R101094/0/20/0/0/0,Cereals and grain products,per 100g,"{""dg"":"""",""dc"":""""}",R101094,16.7817,415.3967,12.2167,20.2567,46.0567,2.8767,1.8133,,,,,,,,,,,,,
"Bun, coconut (Ban kelapa)",MyFCD,https://myfcd.moh.gov.my/myfcdcurrent/index.php/site/detail_product/R101096/0/20/0/0/0,Cereals and grain products,per 100g,,R101096,29.3667,,7.2167,6.8833,51.05,4.4333,1.05,65.2667,64.9,1.0,197.5333,105.8667,0.0001,0.8333,,,,,,3.4833
"Bun, kaya (Ban kaya)",MyFCD,https://myfcd.moh.gov.my/myfcdcurrent/index.php/site/detail_product/R101099/0/20/0/0/0,Cereals and grain products,per 100g,,R101099,30.4,,7.1333,2.9,54.7333,3.9333,0.9,61.9,58.8,0.6667,170.3333,80.4667,0.0001,0.7333,,,,,,2.0667
"Bun, potato (Ban kentang)",MyFCD,https://myfcd.moh.gov.my/myfcdcurrent/index.php/site/detail_product/R101100/0/20/0/0/0,Cereals and grain products,per 100g,,R101100,29.65,,9.15,8.9833,46.2667,4.65,1.3,45.15,89.1,0.9167,274.2,140.5667,0.0001,0.95,0.0355,,,,,2.85
"Bun, red beans (Ban kacang merah)",MyFCD,https://myfcd.moh.gov.my/myfcdcurrent/index.php/site/detail_product/R101102/0/20/0/0/0,Cereals and grain products,per 100g,,R101102,28.0333,,7.9333,5.8333,52.4,4.7,1.1,79.9667,70.6333,1.0667,169.1333,130.2,0.0001,0.9333,,,,,,2.9
"COOKIES, PEANUT",MyFCD,https://myfcd.moh.gov.my/myfcdcurrent/index.php/site/detail_product/R101109/0/20/0/0/0,Cereals and grain products,per 100g,"{""dg"":"""",""dc"":""""}",R101109,1.2733,508.4933,11.6133,26.1867,56.59,2.9,1.4367,,,,,,,,,,,,,
"MUFFIN, CHOCOLATE",MyFCD,https://myfcd.moh.gov.my/myfcdcurrent/index.php/site/detail_product/R101112/0/20/0/0/0,Cereals and grain products,per 100g,"{""dg"":"""",""dc"":""""}",R101112,10.92,441.7217,7.5017,19.4483,59.17,3.8967,1.0117,52.1667,85.6667,,322.3333,144.3333,,,0.0,0.0,,,,
"MUFFIN, VANILLA",MyFCD,https://myfcd.moh.gov.my/myfcdcurrent/index.php/site/detail_product/R101113/0/20/0/0/0,Cereals and grain products,per 100g,"{""dg"":"""",""dc"":""""}",R101113,,,,,,,,,,,,,,,,,,,,
"CEREAL, BREAKFAST, BRAN FLAKES",MyFCD,https://myfcd.moh.gov.my/myfcdcurrent/index.php/site/detail_product/R101115/0/20/0/0/0,Cereals and grain products,per 100g,"{""dg"":"""",""dc"":""""}",R101115,4.175,263.45,14.595,1.59,47.69,27.52,4.43,,,,,,,,,,,,,
"CEREAL, BREAKFAST, CHOCOLATE FLAVOURED",MyFCD,https://myfcd.moh.gov.my/myfcdcurrent/index.php/site/detail_product/R101116/0/20/0/0/0,Cereals and grain products,per 100g,"{""dg"":"""",""dc"":""""}",R101116,2.6033,359.31,6.3767,0.35,82.6633,5.5633,2.4433,,,,,,,,,,,,,
"CEREAL, BREAKFAST, GRANOLA",MyFCD,https://myfcd.moh.gov.my/myfcdcurrent/index.php/site/detail_product/R101117/0/20/0/0/0,Cereals and grain products,per 100g,"{""dg"":"""",""dc"":""""}",R101117,3.64,436.9133,9.44,18.1533,58.9433,8.4767,1.3467,,,,,,,,,,,,,
"CEREAL, BREAKFAST, MULTICOLOURED, SUGAR-FILLED RING SHAPED",MyFCD,https://myfcd.moh.gov.my/myfcdcurrent/index.php/site/detail_product/R101118/0/20/0/0/0,Cereals and grain products,per 100g,"{""dg"":"""",""dc"":""""}",R101118,3.4233,366.3533,7.21,1.0733,81.9633,4.3767,1.9533,,,,,,,,,,,,,
"CEREAL, BREAKFAST, OAT/MULTIGRAIN",MyFCD,https://myfcd.moh.gov.my/myfcdcurrent/index.php/site/detail_product/R101119/0/20/0/0/0,Cereals and grain products,per 100g,"{""dg"":"""",""dc"":""""}",R101119,,,,,,,,,,,,,,,,,,,,
"COOKIES/CRACKERS, SANDWICH WITH FLAVOURED CREAM OREO",MyFCD,https://myfcd.moh.gov.my/myfcdcurrent/index.php/site/detail_product/R101121/0/20/0/0/0,Cereals and grain products,per 100g,"{""dg"":"""",""dc"":""""}",R101121,1.3833,462.88,5.7867,18.4267,68.4733,3.9567,1.9733,,,,,,,,,,,,,
Breadfruits chips (Kerepek sukun),MyFCD,https://myfcd.moh.gov.my/myfcdcurrent/index.php/site/detail_product/R102002/0/20/0/0/0,"Starchy roots, tubers and products",per 100g,,R102002,1.015,,2.19,40.5425,,8.2625,2.1875,72.0,51.25,,309.0,901.0,,,,,,,,
"Flour, sago (Tepung sagu)",MyFCD,https://myfcd.moh.gov.my/myfcdcurrent/index.php/site/detail_product/R102004/0/20/0/0/0,"Starchy roots, tubers and products",per 100g,,R102004,10.5633,,0.2017,0.0983,,2.3917,0.115,3.1667,10.6667,1.28,7.0,12.5,0.0002,0.31,,,,,,
"Potato chips, spicy (Keropok ubi kentang berperisa rempah pedas)",MyFCD,https://myfcd.moh.gov.my/myfcdcurrent/index.php/site/detail_product/R102007/0/20/0/0/0,"Starchy roots, tubers and products",per 100g,,R102007,2.62,,6.052,26.45,,6.276,3.348,1.6,141.0,1.466,662.6,742.6,0.0007,0.692,,,,,,
"Sweet potato, red, chips (Kerepek ubi keledek)",MyFCD,https://myfcd.moh.gov.my/myfcdcurrent/index.php/site/detail_product/R102012/0/20/0/0/0,"Starchy roots, tubers and products",per 100g,,R102012,2.2425,,3.815,19.1625,,5.375,2.3125,55.6667,112.25,,178.6667,606.0,,,,,,,,
"TAPIOCA CHIPS, BARBEQUE (KEREPEK UBI KAYU PERISA BARBEQUE)",MyFCD,https://myfcd.moh.gov.my/myfcdcurrent/index.php/site/detail_product/R102015/0/20/0/0/0,"Starchy roots, tubers and products",per 100g,"{""dg"":"""",""dc"":""""}",R102015,1.348,,1.758,21.79,,7.03,2.542,46.8,78.8,,486.0,454.2,,,,,,,,
"TAPIOCA CHIPS, BLACK PEPPER (KEREPEK UBI KAYU PERISA LADA HITAM)",MyFCD,https://myfcd.moh.gov.my/myfcdcurrent/index.php/site/detail_product/R102016/0/20/0/0/0,"Starchy roots, tubers and products",per 100g,"{""dg"":"""",""dc"":""""}",R102016,0.9967,,0.8667,24.5667,,6.72,2.23,46.3333,80.6667,,410.6667,516.6667,,,,,,,,
"TAPIOCA CHIPS, PLAIN, SALTED (KEREPEK UBI KAYU, BERGARAM)",MyFCD,https://myfcd.moh.gov.my/myfcdcurrent/index.php/site/detail_product/R102017/0/20/0/0/0,"Starchy roots, tubers and products",per 100g,"{""dg"":"""",""dc"":""""}",R102017,1.09,,1.95,23.2333,,5.765,2.4467,,84.6667,,,,,,,,,,,
"TAPIOCA CHIPS, PLAIN, UNSALTED (KEREPEK UBI KAYU, TANPA GARAM)",MyFCD,https://myfcd.moh.gov.my/myfcdcurrent/index.php/site/detail_product/R102018/0/20/0/0/0,"Starchy roots, tubers and products",per 100g,"{""dg"":"""",""dc"":""""}",R102018,1.3633,,1.3,26.85,,6.0433,1.77,71.2,87.1667,,384.2,591.8,,,,,,,,
"TAPIOCA CHIPS, SPICY (KEREPEK UBI KAYU PEDAS)",MyFCD,https://myfcd.moh.gov.my/myfcdcurrent/index.php/site/detail_product/R102019/0/20/0/0/0,"Starchy roots, tubers and products",per 100g,"{""dg"":"""",""dc"":""""}",R102019,0.78,,1.2433,21.425,,6.3783,2.0717,1.8333,63.5,1.286,403.2,355.5,0.0019,0.584,,,,,,
BLACK EYE BEAN (KACANG MATA HITAM),MyFCD,https://myfcd.moh.gov.my/myfcdcurrent/index.php/site/detail_product/R103003/0/20/0/0/0,Legumes and legume products,per 100g,"{""dg"":"""",""dc"":""""}",R103003,10.965,,20.2583,0.5417,,19.9917,3.6417,84.6,344.8333,,19.2,1149.1667,,,0.0,0.0,,,,
CAROB FLOUR (TEPUNG KACANG KUDA),MyFCD,https://myfcd.moh.gov.my/myfcdcurrent/index.php/site/detail_product/R103004/0/20/0/0/0,Legumes and legume products,per 100g,"{""dg"":"""",""dc"":""""}",R103004,10.54,,21.1133,1.7383,,11.3067,2.5733,1.5,303.8333,2.6417,11.2,592.6667,0.0006,2.3017,0.0,0.0,,,,
"SAUCE, SOYA, DARK",MyFCD,https://myfcd.moh.gov.my/myfcdcurrent/index.php/site/detail_product/R103033/0/20/0/0/0,Legumes and legume products,per 100g,"{""dg"":"""",""dc"":""""}",R103033,8.095,347.3017,31.926,19.2217,16.9717,24.2283,4.8783,282.2,487.4,,25.0,2275.4,,,0.0,0.0,,,,
"SAUCE, SOYA, LIGHT",MyFCD,https://myfcd.moh.gov.my/myfcdcurrent/index.php/site/detail_product/R103034/0/20/0/0/0,Legumes and legume products,per 100g,"{""dg"":"""",""dc"":""""}",R103034,59.9633,99.64,2.68,0.0,22.23,2.4067,12.72,,,,,,,,,,,,,
PEANUT BUTTER CHOCOLATE STRIPES,MyFCD,https://myfcd.moh.gov.my/myfcdcurrent/index.php/site/detail_product/R104034/0/20/0/0/0,"Nuts, seeds and products",per 100g,"{""dg"":"""",""dc"":""""}",R104034,2.18,513.7683,20.3833,45.275,9.966,22.615,3.3567,161.8333,367.3333,,386.1667,1317.0,,,0.0,0.0,,,,
BABY CORN (JAGUNG SAYUR),MyFCD,https://myfcd.moh.gov.my/myfcdcurrent/index.php/site/detail_product/R105006/0/20/0/0/0,Vegetables and vegetable products,per 100g,"{""dg"":"""",""dc"":""""}",R105006,91.05,37.0,2.1667,0.1,6.1167,1.4167,0.55,15.3667,40.0333,0.3,3.5833,133.3333,0.0001,0.4833,,,,,,8.9
"CAPSICUM, GREEN (LADA BENGALA, HIJAU)",MyFCD,https://myfcd.moh.gov.my/myfcdcurrent/index.php/site/detail_product/R105022/0/20/0/0/0,Vegetables and vegetable products,per 100g,"{""dg"":"""",""dc"":""""}",R105022,95.3,20.3333,0.6833,0.15,3.4,1.3,0.45,9.5333,15.7667,0.4333,14.35,99.9833,0.0001,0.1667,,,,,,4.6333
"CAPSICUM, RED (LADA BENGALA, MERAH)",MyFCD,https://myfcd.moh.gov.my/myfcdcurrent/index.php/site/detail_product/R105023/0/20/0/0/0,Vegetables and vegetable products,per 100g,"{""dg"":"""",""dc"":""""}",R105023,93.4667,28.8333,0.8667,0.1833,4.9333,1.95,0.5333,9.3167,20.7167,0.75,17.9,134.2167,0.0001,0.5,,,,,,11.0
"CAPSICUM, YELLOW (LADA BENGALA, KUNING)",MyFCD,https://myfcd.moh.gov.my/myfcdcurrent/index.php/site/detail_product/R105024/0/20/0/0/0,Vegetables and vegetable products,per 100g,"{""dg"":"""",""dc"":""""}",R105024,93.1167,28.6667,0.85,0.0333,5.3667,1.8167,0.6333,7.2167,16.0,0.5333,13.15,132.0667,0.0001,0.1833,,,,,,11.4
"SAUCE, CHILI THAI",MyFCD,https://myfcd.moh.gov.my/myfcdcurrent/index.php/site/detail_product/R105150/0/20/0/0/0,Vegetables and vegetable products,per 100g,"{""dg"":"""",""dc"":""""}",R105150,,,,,,,,,,,,,,,,,,,,
"DRAGON FRUIT, RED (BUAH NAGA, ISI MERAH)",MyFCD,https://myfcd.moh.gov.my/myfcdcurrent/index.php/site/detail_product/R106035/0/20/0/0/0,Fruits and fruit products,per 100g,"{""dg"":"""",""dc"":""""}",R106035,86.7667,51.3333,1.3667,0.0667,10.9,0.8667,0.5667,8.9667,23.9333,0.1333,16.3,167.0667,0.0002,0.4667,,,,,,2.3667
"DRAGON FRUIT, WHITE (BUAH NAGA, ISI PUTIH)",MyFCD,https://myfcd.moh.gov.my/myfcdcurrent/index.php/site/detail_product/R106036/0/20/0/0/0,Fruits and fruit products,per 100g,"{""dg"":"""",""dc"":""""}",R106036,87.05,52.5,1.6,0.15,10.55,1.1,0.65,7.75,24.5,0.2,16.95,181.95,0.0001,0.45,,,,,,2.55
HONEYDEW (TEMBIKAI SUSU),MyFCD,https://myfcd.moh.gov.my/myfcdcurrent/index.php/site/detail_product/R106051/0/20/0/0/0,Fruits and fruit products,per 100g,"{""dg"":"""",""dc"":""""}",R106051,94.5,23.5,0.35,0.35,4.325,0.9,0.475,9.85,12.55,0.175,24.4,92.625,0.0001,0.225,,,,,,2.575
LYCHEE IN TIN,MyFCD,https://myfcd.moh.gov.my/myfcdcurrent/index.php/site/detail_product/R106073/0/20/0/0/0,Fruits and fruit products,per 100g,"{""dg"":"""",""dc"":""""}",R106073,71.1733,114.34,0.1267,0.02,28.4133,0.22,0.0467,,,,,,,,,,,,,
POMEGRANATE (DELIMA),MyFCD,https://myfcd.moh.gov.my/myfcdcurrent/index.php/site/detail_product/R106113/0/20/0/0/0,Fruits and fruit products,per 100g,"{""dg"":"""",""dc"":""""}",R106113,82.5,80.0,1.5333,0.8,14.4,4.4667,0.7667,12.2,31.0,0.1667,20.7333,153.8667,0.0002,0.3667,,,,,,5.1333
ASPARTAME (ASPARTAM),MyFCD,https://myfcd.moh.gov.my/myfcdcurrent/index.php/site/detail_product/R107001/0/20/0/0/0,Sugars and syrups,per 100g,"{""dg"":"""",""dc"":""""}",R107001,,,,,,,,21.4633,3.3687,,24.6667,64.61,,,0.0,0.0,,,,
ORANGE FLAVOURED CANDY (GULA-GULA PERISA OREN),MyFCD,https://myfcd.moh.gov.my/myfcdcurrent/index.php/site/detail_product/R107002/0/20/0/0/0,Sugars and syrups,per 100g,"{""dg"":"""",""dc"":""""}",R107002,,,,,,,,18.595,1.4572,,79.7,2.895,,,0.0,0.0,,,,
STRAWBERRY FLAVOURED CANDY (GULA-GULA PERISA STRAWBERI),MyFCD,https://myfcd.moh.gov.my/myfcdcurrent/index.php/site/detail_product/R107004/0/20/0/0/0,Sugars and syrups,per 100g,"{""dg"":"""",""dc"":""""}",R107004,,,,,,,,23.1767,1.5423,,45.0167,4.23,,,0.0,0.0,,,,
CORDIAL ROOT BEER (KORDIAL RUT BIR),MyFCD,https://myfcd.moh.gov.my/myfcdcurrent/index.php/site/detail_product/R107005/0/20/0/0/0,Sugars and syrups,per 100g,"{""dg"":"""",""dc"":""""}",R107005,44.145,,0.1467,0.0,,,0.065,1.9405,0.3094,0.287,2.405,0.4225,0.0001,0.193,0.0,0.0,,,,
"CORDIAL, SOURSOP (KORDIAL DURIAN BELANDA)",MyFCD,https://myfcd.moh.gov.my/myfcdcurrent/index.php/site/detail_product/R107006/0/20/0/0/0,Sugars and syrups,per 100g,"{""dg"":"""",""dc"":""""}",R107006,35.1867,,0.1157,0.0,,28.7491,0.12,2.6382,1.5933,0.3377,19.6933,8.8828,0.0001,0.1087,0.5155,0.0,,,,
"CORDIAL, GRAPE (KORDIAL ANGGUR)",MyFCD,https://myfcd.moh.gov.my/myfcdcurrent/index.php/site/detail_product/R107007/0/20/0/0/0,Sugars and syrups,per 100g,"{""dg"":"""",""dc"":""""}",R107007,54.1283,,0.0233,0.0,,8.1962,0.1383,2.8922,1.6241,0.5332,33.4475,1.8453,0.0001,0.2074,0.0,0.0,,,,
"CORDIAL, GUAVA (KORDIAL JAMBU BATU)",MyFCD,https://myfcd.moh.gov.my/myfcdcurrent/index.php/site/detail_product/R107008/0/20/0/0/0,Sugars and syrups,per 100g,"{""dg"":"""",""dc"":""""}",R107008,33.11,,0.0,0.0,,,0.15,1.29,1.4447,0.3237,39.2575,19.179,0.0001,0.12,0.363,0.0,,,,
"CORDIAL, KIWI (KORDIAL KIWI)",MyFCD,https://myfcd.moh.gov.my/myfcdcurrent/index.php/site/detail_product/R107009/0/20/0/0/0,Sugars and syrups,per 100g,"{""dg"":"""",""dc"":""""}",R107009,31.5925,,0.0565,0.0,,3.6721,0.09,1.5502,1.0506,0.2423,26.75,5.2115,0.0001,1.292,0.0,0.0,,,,
"CORDIAL, LIME (KORDIAL LIMAU NIPIS)",MyFCD,https://myfcd.moh.gov.my/myfcdcurrent/index.php/site/detail_product/R107010/0/20/0/0/0,Sugars and syrups,per 100g,"{""dg"":"""",""dc"":""""}",R107010,65.7175,,0.0998,0.0,,4.5209,0.09,2.4475,1.5961,0.255,16.545,1.9672,0.0001,0.1387,0.0,0.0,,,,
"CORDIAL, MANGO (KORDIAL MANGGA)",MyFCD,https://myfcd.moh.gov.my/myfcdcurrent/index.php/site/detail_product/R107011/0/20/0/0/0,Sugars and syrups,per 100g,"{""dg"":"""",""dc"":""""}",R107011,53.094,,0.0513,0.0,,2.3511,0.1333,4.4493,3.4525,0.2696,15.7025,35.517,0.0001,0.2042,0.0,1.3037,,,,
"CORDIAL, ORANGE (KORDIAL OREN)",MyFCD,https://myfcd.moh.gov.my/myfcdcurrent/index.php/site/detail_product/R107012/0/20/0/0/0,Sugars and syrups,per 100g,"{""dg"":"""",""dc"":""""}",R107012,52.908,,0.0894,0.0,,16.4711,0.0333,1.5952,0.7252,0.2296,24.368,4.4788,0.0001,0.2767,0.0,0.0,,,,
"CORDIAL, PINEAPPLE(KORDIAL NENAS)",MyFCD,https://myfcd.moh.gov.my/myfcdcurrent/index.php/site/detail_product/R107013/0/20/0/0/0,Sugars and syrups,per 100g,"{""dg"":"""",""dc"":""""}",R107013,31.4275,,0.1936,0.0,,9.1781,0.145,1.8173,4.5382,0.476,69.8425,,0.0001,0.2225,,,,,,
"CORDIAL, ROSELLE (KORDIAL ROSEL)",MyFCD,https://myfcd.moh.gov.my/myfcdcurrent/index.php/site/detail_product/R107014/0/20/0/0/0,Sugars and syrups,per 100g,"{""dg"":"""",""dc"":""""}",R107014,41.5667,,0.1625,0.0,,5.9347,0.0917,5.3392,3.4975,0.4373,8.235,19.2772,0.0001,0.1313,0.0,0.0,,,,
"CORDIAL, SARSI (KORDIAL SARSI)",MyFCD,https://myfcd.moh.gov.my/myfcdcurrent/index.php/site/detail_product/R107015/0/20/0/0/0,Sugars and syrups,per 100g,"{""dg"":"""",""dc"":""""}",R107015,61.6817,,0.089,0.0083,,,0.0767,0.9833,3.7183,0.2517,17.506,1.0348,0.0001,0.1708,0.0,0.0,,,,
GLUCOSE (GLUKOSA),MyFCD,https://myfcd.moh.gov.my/myfcdcurrent/index.php/site/detail_product/R107016/0/20/0/0/0,Sugars and syrups,per 100g,"{""dg"":"""",""dc"":""""}",R107016,,,,,,,,121.96,64.44,,23.93,6.44,,,0.0,0.0,,,,
HONEY,MyFCD,https://myfcd.moh.gov.my/myfcdcurrent/index.php/site/detail_product/R107017/0/20/0/0/0,Sugars and syrups,per 100g,"{""dg"":"""",""dc"":""""}",R107017,18.95,324.0133,0.0467,0.0,80.9567,0.0,0.0467,,,,,,,,,,,,,
"JAM, APRICOT (JEM APRIKOT)",MyFCD,https://myfcd.moh.gov.my/myfcdcurrent/index.php/site/detail_product/R107018/0/20/0/0/0,Sugars and syrups,per 100g,"{""dg"":"""",""dc"":""""}",R107018,31.4833,272.4933,0.425,0.0,67.205,0.5367,0.25,7.6333,7.5643,0.2,8.9167,140.89,0.0,0.01,,,0.0,0.0,22.0333,5.6733
"JAM, BLUEBERRY (JEM BLUEBERI)",MyFCD,https://myfcd.moh.gov.my/myfcdcurrent/index.php/site/detail_product/R107019/0/20/0/0/0,Sugars and syrups,per 100g,"{""dg"":"""",""dc"":""""}",R107019,31.8283,271.9233,0.3083,0.01,67.2483,0.3983,0.1167,6.5167,5.2776,0.25,9.2333,,0.0,0.0,,,0.0633,0.0,0.0,2.5167
"JAM, BLACKCURRENT (JEM ANGGUR HITAM)",MyFCD,https://myfcd.moh.gov.my/myfcdcurrent/index.php/site/detail_product/R107021/0/20/0/0/0,Sugars and syrups,per 100g,"{""dg"":"""",""dc"":""""}",R107021,33.3633,266.1333,0.2717,0.02,65.9917,0.09,0.1833,10.2833,6.0864,0.2,4.0667,,0.0,0.07,,,0.0,0.0,0.155,2.65
"JAM, MANGO (JEM MEMPELAM)",MyFCD,https://myfcd.moh.gov.my/myfcdcurrent/index.php/site/detail_product/R107023/0/20/0/0/0,Sugars and syrups,per 100g,"{""dg"":"""",""dc"":""""}",R107023,48.0467,197.8133,1.8933,0.0,47.56,2.2233,0.2767,,,,,,,,,,,,,
"JAM, PINEAPPLE (JEM NENAS)",MyFCD,https://myfcd.moh.gov.my/myfcdcurrent/index.php/site/detail_product/R107025/0/20/0/0/0,Sugars and syrups,per 100g,"{""dg"":"""",""dc"":""""}",R107025,,,,,,,,,,,,,,,,,,,,
"JAM, STRAWBERRY (JEM STRAWBERI)",MyFCD,https://myfcd.moh.gov.my/myfcdcurrent/index.php/site/detail_product/R107029/0/20/0/0/0,Sugars and syrups,per 100g,"{""dg"":"""",""dc"":""""}",R107029,31.2283,273.89,0.41,0.0233,67.6467,0.3817,0.2333,18.1,10.0148,0.2667,1.3667,,0.0,0.0483,,,0.0867,0.0,0.0,3.2833
"JAM, ORANGE MARMALADE",MyFCD,https://myfcd.moh.gov.my/myfcdcurrent/index.php/site/detail_product/R107041/0/20/0/0/0,Sugars and syrups,per 100g,"{""dg"":"""",""dc"":""""}",R107041,,,,,,,,,,,,,,,,,,,,
GRAPE FLAVOURED CANDY (GULA-GULA PERISA ANGGUR),MyFCD,https://myfcd.moh.gov.my/myfcdcurrent/index.php/site/detail_product/R107042/0/20/0/0/0,Sugars and syrups,per 100g,"{""dg"":"""",""dc"":""""}",R107042,,,,,,,,21.2633,1.5237,,37.5267,11.9133,,,0.0,0.0,,,,
"SUGAR, ICING (GULA ISING)",MyFCD,https://myfcd.moh.gov.my/myfcdcurrent/index.php/site/detail_product/R107046/0/20/0/0/0,Sugars and syrups,per 100g,"{""dg"":"""",""dc"":""""}",R107046,,,,,,,,30.684,0.6784,,23.102,7.19,,,0.0,0.0,,,,
PINEAPPLE FLAVOURED CANDY (GULA-GULA PERISA NANAS),MyFCD,https://myfcd.moh.gov.my/myfcdcurrent/index.php/site/detail_product/R107047/0/20/0/0/0,Sugars and syrups,per 100g,"{""dg"":"""",""dc"":""""}",R107047,,,,,,,,,2.661,,,,,,0.0,0.0,,,,
"BEEF, SAUSAGE (SOSEJ DAGING LEMBU)",MyFCD,https://myfcd.moh.gov.my/myfcdcurrent/index.php/site/detail_product/R108014/0/20/0/0/0,Meat and meat products,per 100g,"{""dg"":"""",""dc"":""""}",R108014,68.05,194.0,12.6,11.4,6.1,8.1,1.85,11.9,118.4,1.5,511.8,103.4,0.0001,1.75,,,,,,8.7
"CHICKEN, SAUSAGE (SOSEJ DAGING AYAM)",MyFCD,https://myfcd.moh.gov.my/myfcdcurrent/index.php/site/detail_product/R108040/0/20/0/0/0,Meat and meat products,per 100g,"{""dg"":"""",""dc"":""""}",R108040,65.4167,192.6667,11.6833,10.4667,9.95,5.9,2.5167,67.5,154.6833,1.1333,675.3667,124.45,0.0001,1.0333,,,,,,8.4833
"HEN EGG, LOWER CHOLESTROL, WITH VITAMIN E (TELUR AYAM RENDAH KOLESTROL, DENGAN VITAMIN E)",MyFCD,https://myfcd.moh.gov.my/myfcdcurrent/index.php/site/detail_product/R109009/0/20/0/0/0,Eggs,per 100g,"{""dg"":"""",""dc"":""""}",R109009,12.7667,136.0,2.0333,1.35,0.3667,0.45,0.15,6.0667,19.8167,0.3167,24.9667,14.95,0.0,0.1667,,,,,,0.1333
"HEN EGG, OMEGA 3 (TELUR AYAM OMEGA 3)",MyFCD,https://myfcd.moh.gov.my/myfcdcurrent/index.php/site/detail_product/R109010/0/20/0/0/0,Eggs,per 100g,"{""dg"":"""",""dc"":""""}",R109010,30.76,55.6,5.06,3.72,0.16,0.64,0.36,14.22,49.4,0.78,64.6,39.88,0.0001,0.44,,,,,,0.58
"Eeel, swamp, raw (Belut)",MyFCD,https://myfcd.moh.gov.my/myfcdcurrent/index.php/site/detail_product/R110064/0/20/0/0/0,"Fish, shellfish and products",per 100g,,R110064,81.011,,90.6333,2.5,,,5.9,453.1333,942.5333,4.8,182.7,1454.8,0.0003,7.1333,,,,,,
"SAUCE, OYSTER FLAVOURED",MyFCD,https://myfcd.moh.gov.my/myfcdcurrent/index.php/site/detail_product/R110126/0/20/0/0/0,"Fish, shellfish and products",per 100g,"{""dg"":"""",""dc"":""""}",R110126,,,,,,,,,,,,,,,,,,,,
BUTTER (MENTEGA KURANG MASIN),MyFCD,https://myfcd.moh.gov.my/myfcdcurrent/index.php/site/detail_product/R111001/0/20/0/0/0,Milk and milk products,per 100g,"{""dg"":"""",""dc"":""""}",R111001,,,,,,,,,20.4638,,,,,,,,,,,
CHEESE SPREAD (KEJU SAPUAN),MyFCD,https://myfcd.moh.gov.my/myfcdcurrent/index.php/site/detail_product/R111004/0/20/0/0/0,Milk and milk products,per 100g,"{""dg"":"""",""dc"":""""}",R111004,,,,23.09,,,,,697.6266,,,,,,,,,,,
"CHEESE, BLUE (KEJU, BIRU)",MyFCD,https://myfcd.moh.gov.my/myfcdcurrent/index.php/site/detail_product/R111005/0/20/0/0/0,Milk and milk products,per 100g,"{""dg"":"""",""dc"":""""}",R111005,41.7533,372.0,18.0633,27.8567,20.95,0.0,4.1667,450.0,388.8096,0.0,1013.0,,0.0,2.2233,,,0.0433,0.3033,18.66,0.0013
"CHEESE, BRIE (KEJU, BRIE)",MyFCD,https://myfcd.moh.gov.my/myfcdcurrent/index.php/site/detail_product/R111007/0/20/0/0/0,Milk and milk products,per 100g,"{""dg"":"""",""dc"":""""}",R111007,,,,,,,,,285.0646,,,,,,,,,,,
"CHEESE, CAMEMBERT (KEJU, CAMEMBERT)",MyFCD,https://myfcd.moh.gov.my/myfcdcurrent/index.php/site/detail_product/R111008/0/20/0/0/0,Milk and milk products,per 100g,"{""dg"":"""",""dc"":""""}",R111008,,,,,,,,,341.5302,,,245.438,,,,,,,,
"CHEESE, CHEDDAR, REDUCED FAT (KEJU CHEDDAR, KURANG LEMAK)",MyFCD,https://myfcd.moh.gov.my/myfcdcurrent/index.php/site/detail_product/R111010/0/20/0/0/0,Milk and milk products,per 100g,"{""dg"":"""",""dc"":""""}",R111010,,,,,,,,,450.1012,,,97.6125,,,,,,,,
"CHEESE, CHESDALE SLICES, PROCESSED (KEPINGAN KEJU CHESDALE)",MyFCD,https://myfcd.moh.gov.my/myfcdcurrent/index.php/site/detail_product/R111011/0/20/0/0/0,Milk and milk products,per 100g,"{""dg"":"""",""dc"":""""}",R111011,,,,,,,,,541.6629,,,,,,,,,,,
"CHEESE, COLBY (KEJU, COLBY)",MyFCD,https://myfcd.moh.gov.my/myfcdcurrent/index.php/site/detail_product/R111013/0/20/0/0/0,Milk and milk products,per 100g,"{""dg"":"""",""dc"":""""}",R111013,,,,,,,,,460.734,,,,,,,,,,,
"CHEESE, MOZARELLA (KEJU MOZARELLA)",MyFCD,https://myfcd.moh.gov.my/myfcdcurrent/index.php/site/detail_product/R111015/0/20/0/0/0,Milk and milk products,per 100g,"{""dg"":"""",""dc"":""""}",R111015,,,,,,,,,478.9278,,,,,,,,,,,
"CHEESE, PARMESAN (KEJU PARMESAN)",MyFCD,https://myfcd.moh.gov.my/myfcdcurrent/index.php/site/detail_product/R111016/0/20/0/0/0,Milk and milk products,per 100g,"{""dg"":"""",""dc"":""""}",R111016,,,,,,,,,640.0575,,,182.88,,,,,,,,
"CHEESE, RICOTTA (KEJU, RICOTTA)",MyFCD,https://myfcd.moh.gov.my/myfcdcurrent/index.php/site/detail_product/R111019/0/20/0/0/0,Milk and milk products,per 100g,"{""dg"":"""",""dc"":""""}",R111019,,,,,,,,,123.3827,,,,,,,,,,,
"CREAM, WHIPPED (KRIM PUTAR)",MyFCD,https://myfcd.moh.gov.my/myfcdcurrent/index.php/site/detail_product/R111020/0/20/0/0/0,Milk and milk products,per 100g,"{""dg"":"""",""dc"":""""}",R111020,,,,,,,,,51.7962,,,94.765,,,,,,,,
CREAM CHEESE (KRIM KEJU),MyFCD,https://myfcd.moh.gov.my/myfcdcurrent/index.php/site/detail_product/R111021/0/20/0/0/0,Milk and milk products,per 100g,"{""dg"":"""",""dc"":""""}",R111021,,,,,,,,,86.063,,,,,,,,,,,
"CREAMER, POWDER (KRIMER SERBUK)",MyFCD,https://myfcd.moh.gov.my/myfcdcurrent/index.php/site/detail_product/R111023/0/20/0/0/0,Milk and milk products,per 100g,"{""dg"":"""",""dc"":""""}",R111023,2.0567,489.8733,1.6567,33.14,46.0967,14.2667,2.6333,,354.7275,,,662.8725,,,0.0,0.0,,,,0.635
"MILK, PASTEURISED, CHOCOLATE FLAVOUR",MyFCD,https://myfcd.moh.gov.my/myfcdcurrent/index.php/site/detail_product/R111026/0/20/0/0/0,Milk and milk products,per 100g,"{""dg"":"""",""dc"":""""}",R111026,,,,,,,,,,,,,,,,,,,,
"MILK, COW, FRESH",MyFCD,https://myfcd.moh.gov.my/myfcdcurrent/index.php/site/detail_product/R111028/0/20/0/0/0,Milk and milk products,per 100g,"{""dg"":"""",""dc"":""""}",R111028,52.4533,249.5133,11.0967,13.9133,19.9767,0.0,2.56,,,,,,,,,,,,,
"MILK DRINK, CULTURED",MyFCD,https://myfcd.moh.gov.my/myfcdcurrent/index.php/site/detail_product/R111029/0/20/0/0/0,Milk and milk products,per 100g,"{""dg"":"""",""dc"":""""}",R111029,85.5,56.7733,1.13,0.0734,12.8233,0.27,0.17,,,,,,,,,,,,,
"MILK, SWEETENED, CONDENSED",MyFCD,https://myfcd.moh.gov.my/myfcdcurrent/index.php/site/detail_product/R111044/0/20/0/0/0,Milk and milk products,per 100g,"{""dg"":"""",""dc"":""""}",R111044,,,,,,,,,,,,,,,,,,,,
"MILK, UHT, CHOCOLATE FLAVOUR",MyFCD,https://myfcd.moh.gov.my/myfcdcurrent/index.php/site/detail_product/R111045/0/20/0/0/0,Milk and milk products,per 100g,"{""dg"":"""",""dc"":""""}",R111045,85.7667,51.3833,2.56,0.69,8.7333,1.43,0.82,,,,,,,,,,,,,
"MILK, UHT, FULL CREAM",MyFCD,https://myfcd.moh.gov.my/myfcdcurrent/index.php/site/detail_product/R111047/0/20/0/0/0,Milk and milk products,per 100g,"{""dg"":"""",""dc"":""""}",R111047,87.5033,61.9667,2.8333,3.42,4.9633,0.6767,0.6033,,,,,,,,,,,,,
"MILK, UHT, LOW FAT",MyFCD,https://myfcd.moh.gov.my/myfcdcurrent/index.php/site/detail_product/R111048/0/20/0/0/0,Milk and milk products,per 100g,"{""dg"":"""",""dc"":""""}",R111048,86.05,55.4733,2.9567,1.0867,8.4667,0.5733,0.8667,,,,,,,,,,,,,
"YOGURT, DRINKING, PASTEURISED, NATURAL FLAVOUR",MyFCD,https://myfcd.moh.gov.my/myfcdcurrent/index.php/site/detail_product/R111054/0/20/0/0/0,Milk and milk products,per 100g,"{""dg"":"""",""dc"":""""}",R111054,83.7233,55.35,10.32,2.3367,6.07,2.8,2.56,,,,,,,,,,,,,
"YOGURT, LOW FAT, NATURAL",MyFCD,https://myfcd.moh.gov.my/myfcdcurrent/index.php/site/detail_product/R111057/0/20/0/0/0,Milk and milk products,per 100g,"{""dg"":"""",""dc"":""""}",R111057,,,,,,,,,,,,,,,,,,,,
"ICE-CREAM, VANILLA",MyFCD,https://myfcd.moh.gov.my/myfcdcurrent/index.php/site/detail_product/R111059/0/20/0/0/0,Milk and milk products,per 100g,"{""dg"":"""",""dc"":""""}",R111059,47.6633,261.1367,2.3967,11.8033,36.33,0.5767,1.23,,,,,,,,,,,,,
"YOGURT, DRINKING, PASTEURISED, MIX FRUIT FLAVOURS",MyFCD,https://myfcd.moh.gov.my/myfcdcurrent/index.php/site/detail_product/R111060/0/20/0/0/0,Milk and milk products,per 100g,"{""dg"":"""",""dc"":""""}",R111060,,,,,,,,,,,,,,,,,,,,
"YOGURT, FLAVOURED (STRAWBERRY, ETC)",MyFCD,https://myfcd.moh.gov.my/myfcdcurrent/index.php/site/detail_product/R111061/0/20/0/0/0,Milk and milk products,per 100g,"{""dg"":"""",""dc"":""""}",R111061,64.9,159.7467,4.89,5.1733,23.4067,0.5133,1.1167,,,,,,,,,,,,,
CONDENSED/EVAPORATED MILK WITH ROSE CORDIAL (SIRAP BANDUNG),MyFCD,https://myfcd.moh.gov.my/myfcdcurrent/index.php/site/detail_product/R111062/0/20/0/0/0,Milk and milk products,per 100g,"{""dg"":"""",""dc"":""""}",R111062,82.7433,77.37,4.6667,2.6633,8.6833,0.9333,0.31,,,,,,,,,,,,,
"FISH OIL, COD LIVER OIL (MINYAK IKAN KOD)",MyFCD,https://myfcd.moh.gov.my/myfcdcurrent/index.php/site/detail_product/R112001/0/20/0/0/0,Oils and fats,per 100g,"{""dg"":"""",""dc"":""""}",R112001,,,,,,,,,154.8475,,,,,,0.0,0.0,,,,
"MARGARINE SPREAD, WITH SALT (SAPUAN MERJERIN BERGARAM)",MyFCD,https://myfcd.moh.gov.my/myfcdcurrent/index.php/site/detail_product/R112003/0/20/0/0/0,Oils and fats,per 100g,"{""dg"":"""",""dc"":""""}",R112003,,,,,,,,,3.5009,,,,,,,,,,,
"MARGARINE SPREAD, WITHOUT SALT (SAPUAN MERJERIN TANPA GARAM)",MyFCD,https://myfcd.moh.gov.my/myfcdcurrent/index.php/site/detail_product/R112004/0/20/0/0/0,Oils and fats,per 100g,"{""dg"":"""",""dc"":""""}",R112004,,,,,,,,,7.4248,,,38.485,,,,,,,,
MAYONNAISE (MAYONIS),MyFCD,https://myfcd.moh.gov.my/myfcdcurrent/index.php/site/detail_product/R112005/0/20/0/0/0,Oils and fats,per 100g,"{""dg"":"""",""dc"":""""}",R112005,28.705,432.7312,1.085,30.765,37.8798,0.0,1.5667,10.3333,25.3676,0.075,580.6667,,0.0,0.29,,,0.0667,0.148,0.7217,0.0
"OIL, BLEND (MINYAK CAMPURAN)",MyFCD,https://myfcd.moh.gov.my/myfcdcurrent/index.php/site/detail_product/R112009/0/20/0/0/0,Oils and fats,per 100g,"{""dg"":"""",""dc"":""""}",R112009,0.1733,,0.0,99.3667,,,,,0.142,,,,,,0.0,0.0,,,,
"OIL, CANOLA (MINYAK CANOLA)",MyFCD,https://myfcd.moh.gov.my/myfcdcurrent/index.php/site/detail_product/R112011/0/20/0/0/0,Oils and fats,per 100g,"{""dg"":"""",""dc"":""""}",R112011,0.12,,0.001,99.47,,,,,0.148,,,,,,0.0,0.0,,,,
"OIL, COCONUT (MINYAK KELAPA)",MyFCD,https://myfcd.moh.gov.my/myfcdcurrent/index.php/site/detail_product/R112013/0/20/0/0/0,Oils and fats,per 100g,"{""dg"":"""",""dc"":""""}",R112013,0.204,,0.0762,99.63,,,,,0.3931,,,,,,0.0,0.0,,,,
"OIL, SUNFLOWER (MINYAK BUNGA MATAHARI)",MyFCD,https://myfcd.moh.gov.my/myfcdcurrent/index.php/site/detail_product/R112021/0/20/0/0/0,Oils and fats,per 100g,"{""dg"":"""",""dc"":""""}",R112021,0.1017,,0.0,99.3233,,,,,0.116,,,,,,0.0,0.0,,,,
"OIL, VEGETABLE (MINYAK SAYURAN)",MyFCD,https://myfcd.moh.gov.my/myfcdcurrent/index.php/site/detail_product/R112022/0/20/0/0/0,Oils and fats,per 100g,"{""dg"":"""",""dc"":""""}",R112022,0.2133,,0.0,99.7067,,,,,0.2671,,,,,,0.0,0.0,,,,
"SAUCE, THOUSAND ISLAND",MyFCD,https://myfcd.moh.gov.my/myfcdcurrent/index.php/site/detail_product/R112023/0/20/0/0/0,Oils and fats,per 100g,"{""dg"":"""",""dc"":""""}",R112023,,,,,,,,,25.9773,,,88.8967,,,,,,,,
SOFT MARGARINE (MARJERIN LEMBUT),MyFCD,https://myfcd.moh.gov.my/myfcdcurrent/index.php/site/detail_product/R112024/0/20/0/0/0,Oils and fats,per 100g,"{""dg"":"""",""dc"":""""}",R112024,,,,,,,,,6.914,,,16.7375,,,,,,,,
"DESSERT, CHILLED COCONUT MILK- & PALM SUGAR-BASED, WITH PANDAN JELLY NOODLES AND RED BEAN (CENDOL) ",MyFCD,https://myfcd.moh.gov.my/myfcdcurrent/index.php/site/detail_product/R113007/0/20/0/0/0,Beverages,per 100g,"{""dg"":"""",""dc"":""""}",R113007,,,,,,,,,,,,,,,,,,,,
"HOT CHOCOLATE, INSTANT PREMIX (WITH SUGAR, COCOA POWDER, CREAMER)",MyFCD,https://myfcd.moh.gov.my/myfcdcurrent/index.php/site/detail_product/R113009/0/20/0/0/0,Beverages,per 100g,"{""dg"":"""",""dc"":""""}",R113009,1.4067,425.2167,4.3367,14.8833,68.48,7.7333,3.16,,,,,,,,,,,,,
ENERGY DRINK,MyFCD,https://myfcd.moh.gov.my/myfcdcurrent/index.php/site/detail_product/R113020/0/20/0/0/0,Beverages,per 100g,"{""dg"":"""",""dc"":""""}",R113020,87.02,51.92,0.49,0.0,12.49,0.0,0.0,,,,,,,,,,,,,
ISOTONIC DRINK,MyFCD,https://myfcd.moh.gov.my/myfcdcurrent/index.php/site/detail_product/R113024/0/20/0/0/0,Beverages,per 100g,"{""dg"":"""",""dc"":""""}",R113024,89.6433,41.36,0.0033,0.0,10.3367,0.0,0.0167,,,,,,,,,,,,,
"DESSERT, SWEET LOTUS SEED SOUP (LIN-CHI-KANG)",MyFCD,https://myfcd.moh.gov.my/myfcdcurrent/index.php/site/detail_product/R113026/0/20/0/0/0,Beverages,per 100g,"{""dg"":"""",""dc"":""""}",R113026,,,,,,,,,,,,,,,,,,,,
FRUIT JUICE ORANGE,MyFCD,https://myfcd.moh.gov.my/myfcdcurrent/index.php/site/detail_product/R113039/0/20/0/0/0,Beverages,per 100g,"{""dg"":"""",""dc"":""""}",R113039,92.5033,31.0567,0.64,0.7767,5.3767,0.1167,0.5867,,,,,,,,,,,,,
"TEA, CHRYSANTHEMUM, PACKET, WITH ADDED SUGAR",MyFCD,https://myfcd.moh.gov.my/myfcdcurrent/index.php/site/detail_product/R113050/0/20/0/0/0,Beverages,per 100g,"{""dg"":"""",""dc"":""""}",R113050,94.7167,19.4133,0.0,0.0,4.8533,0.43,0.0,,,,,,,,,,,,,
"TEA, GREEN, WITH ADDED SUGAR",MyFCD,https://myfcd.moh.gov.my/myfcdcurrent/index.php/site/detail_product/R113051/0/20/0/0/0,Beverages,per 100g,"{""dg"":"""",""dc"":""""}",R113051,93.6933,23.4933,0.0267,0.0,5.8467,0.4067,0.0267,,,,,,,,,,,,,
"TEA, KUNDUR, PACKET, WITH ADDED SUGAR",MyFCD,https://myfcd.moh.gov.my/myfcdcurrent/index.php/site/detail_product/R113052/0/20/0/0/0,Beverages,per 100g,"{""dg"":"""",""dc"":""""}",R113052,,,,,,,,,,,,,,,,,,,,
"Tea, Stevia (Teh Stevia)",MyFCD,https://myfcd.moh.gov.my/myfcdcurrent/index.php/site/detail_product/R113055/0/20/0/0/0,Beverages,per 100g,,R113055,,,,,,,,,230.9247,,,,,,,,,,,
CANNED COFFEE ,MyFCD,https://myfcd.moh.gov.my/myfcdcurrent/index.php/site/detail_product/R113056/0/20/0/0/0,Beverages,per 100g,"{""dg"":"""",""dc"":""""}",R113056,,,,,,,,,,,,,,,,,,,,
"MILK, MALTED (CHOCOLATE FLAVOUR)",MyFCD,https://myfcd.moh.gov.my/myfcdcurrent/index.php/site/detail_product/R113057/0/20/0/0/0,Beverages,per 100g,"{""dg"":"""",""dc"":""""}",R113057,85.5,58.4367,1.17,1.6767,9.6667,1.56,0.4267,,,,,,,,,,,,,
"SOYA BEAN DRINK, PACKET, WITH REGULAR ADDED SUGAR",MyFCD,https://myfcd.moh.gov.my/myfcdcurrent/index.php/site/detail_product/R113058/0/20/0/0/0,Beverages,per 100g,"{""dg"":"""",""dc"":""""}",R113058,87.74,55.03,1.58,1.31,9.23,0.0,0.14,,,,,,,,,,,,,
"TEA MIX, INSTANT",MyFCD,https://myfcd.moh.gov.my/myfcdcurrent/index.php/site/detail_product/R113059/0/20/0/0/0,Beverages,per 100g,"{""dg"":"""",""dc"":""""}",R113059,,,,,,,,,,,,,,,,,,,,
"TEA, ICE LEMON, PACKET, WITH ADDED SUGAR",MyFCD,https://myfcd.moh.gov.my/myfcdcurrent/index.php/site/detail_product/R113060/0/20/0/0/0,Beverages,per 100g,"{""dg"":"""",""dc"":""""}",R113060,91.29,34.84,0.0033,0.0,8.7067,0.0,0.0,,,,,,,,,,,,,
"FLAVOURED DRINK, COLA TYPE",MyFCD,https://myfcd.moh.gov.my/myfcdcurrent/index.php/site/detail_product/R113061/0/20/0/0/0,Beverages,per 100g,"{""dg"":"""",""dc"":""""}",R113061,,,,,,,,,,,,,,,,,,,,
"FRUIT JUICE DRINK, ORANGE",MyFCD,https://myfcd.moh.gov.my/myfcdcurrent/index.php/site/detail_product/R113062/0/20/0/0/0,Beverages,per 100g,"{""dg"":"""",""dc"":""""}",R113062,,,,,,,,,,,,,,,,,,,,
"FRUIT DRINK, ORANGE",MyFCD,https://myfcd.moh.gov.my/myfcdcurrent/index.php/site/detail_product/R113063/0/20/0/0/0,Beverages,per 100g,"{""dg"":"""",""dc"":""""}",R113063,90.1,49.98,0.0567,2.4867,6.8433,0.4667,0.0467,,,,,,,,,,,,,
"FRUIT JUICE, FRESH, ORANGE",MyFCD,https://myfcd.moh.gov.my/myfcdcurrent/index.php/site/detail_product/R113064/0/20/0/0/0,Beverages,per 100g,"{""dg"":"""",""dc"":""""}",R113064,86.5867,51.0133,0.1267,0.0933,12.4167,0.6667,0.11,,,,,,,,,,,,,
CHOCOLATE (COKLAT BERTIH),MyFCD,https://myfcd.moh.gov.my/myfcdcurrent/index.php/site/detail_product/R114007/0/20/0/0/0,Miscellaneous,per 100g,"{""dg"":"""",""dc"":""""}",R114007,,,,,,,,,162.4,,,484.8633,,,,,,,,
"CHOCOLATE, BREAD SPREAD",MyFCD,https://myfcd.moh.gov.my/myfcdcurrent/index.php/site/detail_product/R114012/0/20/0/0/0,Miscellaneous,per 100g,"{""dg"":"""",""dc"":""""}",R114012,,,,,,,,,109.1,,,,,,,,,,,
"CHOCOLATE, CASHEW NUT (COKLAT KACANG GAJUS)",MyFCD,https://myfcd.moh.gov.my/myfcdcurrent/index.php/site/detail_product/R114013/0/20/0/0/0,Miscellaneous,per 100g,"{""dg"":"""",""dc"":""""}",R114013,,,,,,,,,250.0833,,,,,,,,,,,
"CHOCOLATE, HAZELNUT (COKLAT KACANG BADAM)",MyFCD,https://myfcd.moh.gov.my/myfcdcurrent/index.php/site/detail_product/R114015/0/20/0/0/0,Miscellaneous,per 100g,"{""dg"":"""",""dc"":""""}",R114015,1.285,,9.4288,29.9267,,,,205.2,198.2217,,,,,,,,,,,
"CHOCOLATE, MILK (COKLAT SUSU)",MyFCD,https://myfcd.moh.gov.my/myfcdcurrent/index.php/site/detail_product/R114016/0/20/0/0/0,Miscellaneous,per 100g,"{""dg"":"""",""dc"":""""}",R114016,,,,,,,,,,,,,,,,,,,,
"CHOCOLATE, RAISIN (COKLAT BERKISMIS)",MyFCD,https://myfcd.moh.gov.my/myfcdcurrent/index.php/site/detail_product/R114017/0/20/0/0/0,Miscellaneous,per 100g,"{""dg"":"""",""dc"":""""}",R114017,2.7567,527.8733,7.78,32.6333,50.7633,3.9167,2.15,,,,,,,,,,,,,
"CHOCOLATE, ROASTED ALMOND (COKLAT DENGAN KACANG BADAM)",MyFCD,https://myfcd.moh.gov.my/myfcdcurrent/index.php/site/detail_product/R114018/0/20/0/0/0,Miscellaneous,per 100g,"{""dg"":"""",""dc"":""""}",R114018,,,,,,,,,247.359,,,524.0417,,,,,,,,
"CHOCOLATE, WHITE (COKLAT PUTIH)",MyFCD,https://myfcd.moh.gov.my/myfcdcurrent/index.php/site/detail_product/R114019/0/20/0/0/0,Miscellaneous,per 100g,"{""dg"":"""",""dc"":""""}",R114019,,,,,,,,,168.8352,,,344.234,,,,,,,,
"CHOCOLATE, MIXED NUTS (COKLAT KACANG CAMPURAN)",MyFCD,https://myfcd.moh.gov.my/myfcdcurrent/index.php/site/detail_product/R114025/0/20/0/0/0,Miscellaneous,per 100g,"{""dg"":"""",""dc"":""""}",R114025,,,,,,,,,221.25,,,389.81,,,,,,,,
PLUM SAUCE (SOS PLUM),MyFCD,https://myfcd.moh.gov.my/myfcdcurrent/index.php/site/detail_product/R114047/0/20/0/0/0,Miscellaneous,per 100g,"{""dg"":"""",""dc"":""""}",R114047,,,,,,,,,14.0371,,,,,,,,,,,
VANILLA WAFER (WAFER VANILLA),MyFCD,https://myfcd.moh.gov.my/myfcdcurrent/index.php/site/detail_product/R114053/0/20/0/0/0,Miscellaneous,per 100g,"{""dg"":"""",""dc"":""""}",R114053,,,,,,,,139.65,96.785,,202.215,240.4,,,0.0,0.0,,,,
"WAFER, ORANGE FLAVOR (WAFER BERPERISA OREN)",MyFCD,https://myfcd.moh.gov.my/myfcdcurrent/index.php/site/detail_product/R114056/0/20/0/0/0,Miscellaneous,per 100g,"{""dg"":"""",""dc"":""""}",R114056,,,,,,,,90.98,111.32,,225.55,237.41,,,0.0,0.0,,,,
"WAFER, STRAWBERRY FLAVOR (WAFER BERPERISA STRAWBERI)",MyFCD,https://myfcd.moh.gov.my/myfcdcurrent/index.php/site/detail_product/R114057/0/20/0/0/0,Miscellaneous,per 100g,"{""dg"":"""",""dc"":""""}",R114057,,,,,,,,,102.9538,,,137.376,,,0.0,0.0,,,,
CHOCOLATE SPREAD,MyFCD,https://myfcd.moh.gov.my/myfcdcurrent/index.php/site/detail_product/R114062/0/20/0/0/0,Miscellaneous,per 100g,"{""dg"":"""",""dc"":""""}",R114062,,,,,,,,,,,,,,,,,,,,
"TRADITIONAL MALAYSIAN KUIH, STEAMED GLUTINOUS RICE BALLS COATED WITH SESAME/PEANUT SUGAR CRUMBS (MOCHI@CHEE-PAH)",MyFCD,https://myfcd.moh.gov.my/myfcdcurrent/index.php/site/detail_product/R211005/0/20/0/0/0,Rice and rice flour based,per 100g,"{""dg"":"""",""dc"":""""}",R211005,17.954,380.2867,9.05,14.0233,54.47,3.7067,0.7967,,,,,,,,,,,,,
"TRADITIONAL MALAYSIAN KUIH, STEAMED RICE FLOUR WITH COCONUT MILK AND SUGAR IN SMALL MOULD, SERVED WITH GRATED COCONUT (KUIH LOMPANG)",MyFCD,https://myfcd.moh.gov.my/myfcdcurrent/index.php/site/detail_product/R211018/0/20/0/0/0,Rice and rice flour based,per 100g,"{""dg"":"""",""dc"":""""}",R211018,35.57,253.4067,2.88,1.6467,56.7667,2.1367,1.0,,,,,,,,,,,,,
"TRADITIONAL MALAYSIAN KUIH, STEAMED RICE CAKE WITH COCONUT AND PALM SUGAR,  CYLINDRICAL-SHAPED AND GREEN-COLORED (PUTU BAMBU)",MyFCD,https://myfcd.moh.gov.my/myfcdcurrent/index.php/site/detail_product/R211030/0/20/0/0/0,Rice and rice flour based,per 100g,"{""dg"":"""",""dc"":""""}",R211030,36.2433,247.2067,3.5833,2.22,53.2233,3.76,0.97,,,,,,,,,,,,,
"TRADITIONAL MALAYSIAN KUIH, TWO LAYERED STEAMED CAKE, TARO AND COCONUT MILK (KUIH TALAM KELADI)",MyFCD,https://myfcd.moh.gov.my/myfcdcurrent/index.php/site/detail_product/R211037/0/20/0/0/0,Rice and rice flour based,per 100g,"{""dg"":"""",""dc"":""""}",R211037,,,,,,,,,,,,,,,,,,,,
KUIH TALAM LABU,MyFCD,https://myfcd.moh.gov.my/myfcdcurrent/index.php/site/detail_product/R211039/0/20/0/0/0,Rice and rice flour based,per 100g,"{""dg"":"""",""dc"":""""}",R211039,,,,,,,,,,,,,,,,,,,,
"TRADITIONAL MALAYSIAN KUIH, SWEET GLUTINOUS RICE CAKE (WAJIK)",MyFCD,https://myfcd.moh.gov.my/myfcdcurrent/index.php/site/detail_product/R211044/0/20/0/0/0,Rice and rice flour based,per 100g,"{""dg"":"""",""dc"":""""}",R211044,,,,,,,,,,,,,,,,,,,,
"DESSERT, RED TORTOISE CAKE (KUIH ANG KOO)",MyFCD,https://myfcd.moh.gov.my/myfcdcurrent/index.php/site/detail_product/R211045/0/20/0/0/0,Rice and rice flour based,per 100g,"{""dg"":"""",""dc"":""""}",R211045,,,,,,,,,,,,,,,,,,,,
Bahulu Kemboja,MyFCD,https://myfcd.moh.gov.my/myfcdcurrent/index.php/site/detail_product/R212003/0/20/0/0/0,Wheat flour based,per 100g,,R212003,49.6,,6.5004,8.646,,8.3405,0.485,1.532,69.9383,,35.46,112.1,0.0001,0.508,,,,,,
KEK PISANG,MyFCD,https://myfcd.moh.gov.my/myfcdcurrent/index.php/site/detail_product/R212005/0/20/0/0/0,Wheat flour based,per 100g,"{""dg"":"""",""dc"":""""}",R212005,32.3,,5.6691,13.9056,,4.7932,1.145,1.248,83.2529,0.911,119.5,205.5,0.0001,0.425,,,,,,
"DESSERT, FRUIT CAKE (KEK BUAH)",MyFCD,https://myfcd.moh.gov.my/myfcdcurrent/index.php/site/detail_product/R212007/0/20/0/0/0,Wheat flour based,per 100g,"{""dg"":"""",""dc"":""""}",R212007,,,,,,,,,,,,,,,,,,,,
"CAKE, SPONGE (KEK SPAN)",MyFCD,https://myfcd.moh.gov.my/myfcdcurrent/index.php/site/detail_product/R212009/0/20/0/0/0,Wheat flour based,per 100g,"{""dg"":"""",""dc"":""""}",R212009,17.3833,401.6067,7.12,18.78,51.0267,4.5267,1.1633,,,,,,,,,,,,,
"CAKE, SWISS ROLL (KEK SWISS ROLL)",MyFCD,https://myfcd.moh.gov.my/myfcdcurrent/index.php/site/detail_product/R212010/0/20/0/0/0,Wheat flour based,per 100g,"{""dg"":"""",""dc"":""""}",R212010,,,,,,,,,,,,,,,,,,,,
"CAKE, SWISS ROLL, CHOCOLATE FLAVOUR (KEK SWISS ROLL PERASA COKLAT)",MyFCD,https://myfcd.moh.gov.my/myfcdcurrent/index.php/site/detail_product/R212011/0/20/0/0/0,Wheat flour based,per 100g,"{""dg"":"""",""dc"":""""}",R212011,30.1633,381.27,10.9067,28.1767,21.0133,8.2433,1.4967,,,,,,,,,,,,,
CUCUR BAWANG,MyFCD,https://myfcd.moh.gov.my/myfcdcurrent/index.php/site/detail_product/R212017/0/20/0/0/0,Wheat flour based,per 100g,"{""dg"":"""",""dc"":""""}",R212017,43.5,,6.6413,6.4213,,2.5841,1.59,2.812,65.2635,2.038,443.8,76.88,0.0001,0.539,,,,,,
"CAKE, CUP, WITH FROSTING/GLAZE (KEK CAWAN)",MyFCD,https://myfcd.moh.gov.my/myfcdcurrent/index.php/site/detail_product/R212026/0/20/0/0/0,Wheat flour based,per 100g,"{""dg"":"""",""dc"":""""}",R212026,,,,,,,,,,,,,,,,,,,,
KARIPAP SARDIN,MyFCD,https://myfcd.moh.gov.my/myfcdcurrent/index.php/site/detail_product/R212032/0/20/0/0/0,Wheat flour based,per 100g,"{""dg"":"""",""dc"":""""}",R212032,22.7,,8.1958,21.7995,,6.3605,1.185,3.597,81.8284,0.771,,112.5,0.0001,0.462,,,,,,
"TRADITIONAL MALAYSIAN KUIH, CINNAMON ROLLS  (KUIH CEMPIANG)",MyFCD,https://myfcd.moh.gov.my/myfcdcurrent/index.php/site/detail_product/R212056/0/20/0/0/0,Wheat flour based,per 100g,"{""dg"":"""",""dc"":""""}",R212056,,,,,,,,,,,,,,,,,,,,
CARA BERLAUK,MyFCD,https://myfcd.moh.gov.my/myfcdcurrent/index.php/site/detail_product/R212057/0/20/0/0/0,Wheat flour based,per 100g,"{""dg"":"""",""dc"":""""}",R212057,62.9,,5.6786,1.7472,,3.0944,0.75,1.8,50.5894,0.699,117.6,82.25,0.0001,0.425,,,,,,
CARA MANIS,MyFCD,https://myfcd.moh.gov.my/myfcdcurrent/index.php/site/detail_product/R212058/0/20/0/0/0,Wheat flour based,per 100g,"{""dg"":"""",""dc"":""""}",R212058,56.8,,4.7064,2.854,,3.6561,0.71,1.445,49.5338,0.726,,73.15,0.0001,0.394,,,,,,
LEPAT LABU,MyFCD,https://myfcd.moh.gov.my/myfcdcurrent/index.php/site/detail_product/R212071/0/20/0/0/0,Wheat flour based,per 100g,"{""dg"":"""",""dc"":""""}",R212071,57.35,,3.0042,2.9802,,4.0681,,,48.4252,,,,,,,,,,,
"DESSERT, MOON CAKES RED BEAN",MyFCD,https://myfcd.moh.gov.my/myfcdcurrent/index.php/site/detail_product/R212074/0/20/0/0/0,Wheat flour based,per 100g,"{""dg"":"""",""dc"":""""}",R212074,,,,,,,,,,,,,,,,,,,,
ROTI JALA,MyFCD,https://myfcd.moh.gov.my/myfcdcurrent/index.php/site/detail_product/R212078/0/20/0/0/0,Wheat flour based,per 100g,"{""dg"":"""",""dc"":""""}",R212078,53.7,,5.2011,3.3671,,3.4795,1.0,3.217,58.2924,0.885,241.2,68.64,0.0001,0.473,,,,,,
"CAKE, CHEESE (KEK KEJU)",MyFCD,https://myfcd.moh.gov.my/myfcdcurrent/index.php/site/detail_product/R212084/0/20/0/0/0,Wheat flour based,per 100g,"{""dg"":"""",""dc"":""""}",R212084,,,,,,,,,,,,,,,,,,,,
"CAKE, CHOCOLATE (KEK COKLAT)",MyFCD,https://myfcd.moh.gov.my/myfcdcurrent/index.php/site/detail_product/R212085/0/20/0/0/0,Wheat flour based,per 100g,"{""dg"":"""",""dc"":""""}",R212085,,,,,,,,,,,,,,,,,,,,
"DESSERT, HONEYCOMB CAKE (KEK GULA HANGUS)",MyFCD,https://myfcd.moh.gov.my/myfcdcurrent/index.php/site/detail_product/R212086/0/20/0/0/0,Wheat flour based,per 100g,"{""dg"":"""",""dc"":""""}",R212086,,,,,,,,,,,,,,,,,,,,
"DESSERT, LAYER CAKE (KEK LAPIS SARAWAK)",MyFCD,https://myfcd.moh.gov.my/myfcdcurrent/index.php/site/detail_product/R212087/0/20/0/0/0,Wheat flour based,per 100g,"{""dg"":"""",""dc"":""""}",R212087,19.51,429.0367,8.2833,25.57,41.4433,4.1133,1.08,,,,,,,,,,,,,
"PASTRY, DANISH",MyFCD,https://myfcd.moh.gov.my/myfcdcurrent/index.php/site/detail_product/R212088/0/20/0/0/0,Wheat flour based,per 100g,"{""dg"":"""",""dc"":""""}",R212088,,,,,,,,,,,,,,,,,,,,
"PASTRY, PUFF, APPLE FILLING",MyFCD,https://myfcd.moh.gov.my/myfcdcurrent/index.php/site/detail_product/R212089/0/20/0/0/0,Wheat flour based,per 100g,"{""dg"":"""",""dc"":""""}",R212089,20.4467,392.3233,5.4567,17.99,52.1467,2.97,0.99,,,,,,,,,,,,,
"PASTRY, PUFF, CHOCOLATE FILLING",MyFCD,https://myfcd.moh.gov.my/myfcdcurrent/index.php/site/detail_product/R212090/0/20/0/0/0,Wheat flour based,per 100g,"{""dg"":"""",""dc"":""""}",R212090,,,,,,,,,,,,,,,,,,,,
"TRADITIONAL MALAYSIAN KUIH, MINI EGG SPONGE CAKE (BAHULU CERMAI)",MyFCD,https://myfcd.moh.gov.my/myfcdcurrent/index.php/site/detail_product/R212091/0/20/0/0/0,Wheat flour based,per 100g,"{""dg"":"""",""dc"":""""}",R212091,14.4433,359.0633,8.8867,5.6767,68.1067,2.0267,0.86,,,,,,,,,,,,,
"DESSERT, MOON CAKES PURE LOTUS",MyFCD,https://myfcd.moh.gov.my/myfcdcurrent/index.php/site/detail_product/R212092/0/20/0/0/0,Wheat flour based,per 100g,"{""dg"":"""",""dc"":""""}",R212092,,,,,,,,,,,,,,,,,,,,
Koleh Kacang,MyFCD,https://myfcd.moh.gov.my/myfcdcurrent/index.php/site/detail_product/R213004/0/20/0/0/0,Legume based,per 100g,,R213004,53.9,,4.65,6.65,,10.5314,,,84.9238,,,,,,,,,,,
"TRADITIONAL MALAYSIAN KUIH, FLOUR AND GHEE SUGAR BASED, SPHERE-SHAPED SWEETS (LADDU)",MyFCD,https://myfcd.moh.gov.my/myfcdcurrent/index.php/site/detail_product/R213007/0/20/0/0/0,Legume based,per 100g,"{""dg"":"""",""dc"":""""}",R213007,,,,,,,,,,,,,,,,,,,,
"TRADITIONAL MALAYSIAN KUIH, GLUTINOUS RICE BALLS IN COCONUT MILK (BADAK BERENDAM)",MyFCD,https://myfcd.moh.gov.my/myfcdcurrent/index.php/site/detail_product/R214002/0/20/0/0/0,Glutinous rice based,per 100g,"{""dg"":"""",""dc"":""""}",R214002,,,,,,,,,,,,,,,,,,,,
"TRADITIONAL MALAYSIAN KUIH, GLUTINOUS RICE FLOUR AND COCONUT MILK BASED, BOILED PALM SUGAR TOFFEE-LIKE SWEET (DODOL)",MyFCD,https://myfcd.moh.gov.my/myfcdcurrent/index.php/site/detail_product/R214006/0/20/0/0/0,Glutinous rice based,per 100g,"{""dg"":"""",""dc"":""""}",R214006,,,,,,,,,,,,,,,,,,,,
"TRADITIONAL MALAYSIAN KUIH, SESAME BALLS (KUIH BOM)",MyFCD,https://myfcd.moh.gov.my/myfcdcurrent/index.php/site/detail_product/R214010/0/20/0/0/0,Glutinous rice based,per 100g,"{""dg"":"""",""dc"":""""}",R214010,22.0153,335.3433,6.5433,11.59,51.2133,7.38,1.2567,,,,,,,,,,,,,
"TRADITIONAL MALAYSIAN KUIH, SWEET BLACK GLUTINOUS RICE DUMPLING STUFFED WITH GRATED COCONUT FILLING (KUIH KOCI PULUT HITAM)",MyFCD,https://myfcd.moh.gov.my/myfcdcurrent/index.php/site/detail_product/R214016/0/20/0/0/0,Glutinous rice based,per 100g,"{""dg"":"""",""dc"":""""}",R214016,,,,,,,,,,,,,,,,,,,,
"TRADITIONAL MALAYSIAN KUIH, SWEET FERMENTED GLUTINOUS RICE (TAPAI PULUT)",MyFCD,https://myfcd.moh.gov.my/myfcdcurrent/index.php/site/detail_product/R214032/0/20/0/0/0,Glutinous rice based,per 100g,"{""dg"":"""",""dc"":""""}",R214032,,,,,,,,,,,,,,,,,,,,
"TRADITIONAL MALAYSIAN KUIH, GLUTINUOS RICE FLOUR BASED STUFFED WITH GRATED COCONUT COATED WITH MUNG BEAN POWDER (KUIH TEPUNG GOMAK)",MyFCD,https://myfcd.moh.gov.my/myfcdcurrent/index.php/site/detail_product/R214034/0/20/0/0/0,Glutinous rice based,per 100g,"{""dg"":"""",""dc"":""""}",R214034,,,,,,,,,,,,,,,,,,,,
Cakar Ayam,MyFCD,https://myfcd.moh.gov.my/myfcdcurrent/index.php/site/detail_product/R215003/0/20/0/0/0,Tuber based,per 100g,,R215003,6.405,,1.0,17.05,,9.1488,,,66.8311,,,,,,,,,,,
Keledek Goreng,MyFCD,https://myfcd.moh.gov.my/myfcdcurrent/index.php/site/detail_product/R215004/0/20/0/0/0,Tuber based,per 100g,,R215004,47.85,,1.9,10.45,,6.5351,,,47.3451,,,,,,,,,,,
Samosa,MyFCD,https://myfcd.moh.gov.my/myfcdcurrent/index.php/site/detail_product/R216012/0/20/0/0/0,Vegetables and fruits based,per 100g,,R216012,36.05,,5.4,17.5,,31.3147,,,70.2386,,,,,,,,,,,
"DESSERT, COCONUT MILK BASED, SWEET POTATOES AND TARO IN COCONUT MILK (BUBUR CHA CHA) ",MyFCD,https://myfcd.moh.gov.my/myfcdcurrent/index.php/site/detail_product/R217005/0/20/0/0/0,Porridge and <i>pengat</i>,per 100g,"{""dg"":"""",""dc"":""""}",R217005,33.8003,309.0475,2.54,5.61,65.89,2.5833,0.9467,,,,,,,,,,,,,
"DESSERT, CORN IN SWEETENED COCONUT MILK (BUBUR JAGUNG)",MyFCD,https://myfcd.moh.gov.my/myfcdcurrent/index.php/site/detail_product/R217007/0/20/0/0/0,Porridge and <i>pengat</i>,per 100g,"{""dg"":"""",""dc"":""""}",R217007,47.451,213.3333,2.6233,4.2433,41.1633,3.2933,1.2267,,,,,,,,,,,,,
"DESSERT, BLACK GLUTINOUS RICE PORRIDGE (BUBUR PULUT HITAM) ",MyFCD,https://myfcd.moh.gov.my/myfcdcurrent/index.php/site/detail_product/R217021/0/20/0/0/0,Porridge and <i>pengat</i>,per 100g,"{""dg"":"""",""dc"":""""}",R217021,44.835,271.7125,2.5767,4.17,58.9575,2.3767,0.7633,,,,,,,,,,,,,
"DESSERT, SAGO PORRIDGE (BUBUR SAGU) ",MyFCD,https://myfcd.moh.gov.my/myfcdcurrent/index.php/site/detail_product/R217022/0/20/0/0/0,Porridge and <i>pengat</i>,per 100g,"{""dg"":"""",""dc"":""""}",R217022,44.0077,240.3167,2.8533,4.4667,47.1767,0.92,0.5767,,,,,,,,,,,,,
"DESEERT, COCONUT MILK JELLY (AGAR-AGAR SANTAN)",MyFCD,https://myfcd.moh.gov.my/myfcdcurrent/index.php/site/detail_product/R218004/0/20/0/0/0,Miscellaneous,per 100g,"{""dg"":"""",""dc"":""""}",R218004,,,,,,,,,,,,,,,,,,,,
"DESSERT , CARAMEL PUDDING",MyFCD,https://myfcd.moh.gov.my/myfcdcurrent/index.php/site/detail_product/R218007/0/20/0/0/0,Miscellaneous,per 100g,"{""dg"":"""",""dc"":""""}",R218007,,,,,,,,,,,,,,,,,,,,
"CREAM ROLL, VANILLA FLAVOUR",MyFCD,https://myfcd.moh.gov.my/myfcdcurrent/index.php/site/detail_product/R218011/0/20/0/0/0,Miscellaneous,per 100g,"{""dg"":"""",""dc"":""""}",R218011,28.2527,377.2325,6.86,20.7067,54.22,4.1533,1.0667,,,,,,,,,,,,,
"TRADITIONAL MALAYSIAN KUIH, COCONUT CREAM COOKIES (KUIH BANGKIT)",MyFCD,https://myfcd.moh.gov.my/myfcdcurrent/index.php/site/detail_product/R218019/0/20/0/0/0,Miscellaneous,per 100g,"{""dg"":"""",""dc"":""""}",R218019,5.8,412.0733,1.54,7.9533,83.5833,0.9333,0.19,,,,,,,,,,,,,
"TRADITIONAL MALAYSIAN KUIH, FLOUR BASED, WITH RED PALM SUGAR  (KUIH CINCIN)",MyFCD,https://myfcd.moh.gov.my/myfcdcurrent/index.php/site/detail_product/R218023/0/20/0/0/0,Miscellaneous,per 100g,"{""dg"":"""",""dc"":""""}",R218023,1.9167,516.58,5.49,27.3133,62.2,2.58,0.5,,,,,,,,,,,,,
"DESSERT, BREAD PUDDING",MyFCD,https://myfcd.moh.gov.my/myfcdcurrent/index.php/site/detail_product/R218036/0/20/0/0/0,Miscellaneous,per 100g,"{""dg"":"""",""dc"":""""}",R218036,,,,,,,,,,,,,,,,,,,,
"DESSERT, PUDDING, MILK (PUDING SUSU)",MyFCD,https://myfcd.moh.gov.my/myfcdcurrent/index.php/site/detail_product/R218037/0/20/0/0/0,Miscellaneous,per 100g,"{""dg"":"""",""dc"":""""}",R218037,44.4537,222.5167,2.02,2.9433,46.99,2.9867,0.61,,,,,,,,,,,,,
"DESSERT, BROWNIES, CHOCOLATE",MyFCD,https://myfcd.moh.gov.my/myfcdcurrent/index.php/site/detail_product/R218048/0/20/0/0/0,Miscellaneous,per 100g,"{""dg"":"""",""dc"":""""}",R218048,,,,,,,,,,,,,,,,,,,,
"DESSERT, CHEESE TART",MyFCD,https://myfcd.moh.gov.my/myfcdcurrent/index.php/site/detail_product/R218049/0/20/0/0/0,Miscellaneous,per 100g,"{""dg"":"""",""dc"":""""}",R218049,,,,,,,,,,,,,,,,,,,,
"DESSERT, SHAVED ICE, ABC (AIR BATU CAMPUR/AIS KACANG)",MyFCD,https://myfcd.moh.gov.my/myfcdcurrent/index.php/site/detail_product/R218050/0/20/0/0/0,Miscellaneous,per 100g,"{""dg"":"""",""dc"":""""}",R218050,,,,,,,,,,,,,,,,,,,,
"DOUGHNUT, WITH FROSTING/GLAZE (DONUT)",MyFCD,https://myfcd.moh.gov.my/myfcdcurrent/index.php/site/detail_product/R218051/0/20/0/0/0,Miscellaneous,per 100g,"{""dg"":"""",""dc"":""""}",R218051,,,,,,,,,,,,,,,,,,,,
"DESSERT, SOY MILK CUSTARD (TAUFU-FAH) ",MyFCD,https://myfcd.moh.gov.my/myfcdcurrent/index.php/site/detail_product/R218052/0/20/0/0/0,Miscellaneous,per 100g,"{""dg"":"""",""dc"":""""}",R218052,65.8933,135.45,3.3433,0.93,28.4267,0.4233,0.9833,,,,,,,,,,,,,
"RICE, ""DAGANG"" (NASI DAGANG)(COMPLETE SET)",MyFCD,https://myfcd.moh.gov.my/myfcdcurrent/index.php/site/detail_product/R221079/0/20/0/0/0,Cereal based,per 100g,"{""dg"":"""",""dc"":""""}",R221079,55.1433,196.4133,6.6633,6.3333,28.19,1.7333,1.9367,,,,,,,,,,,,,
"RICE, ARAB (NASI ARAB)",MyFCD,https://myfcd.moh.gov.my/myfcdcurrent/index.php/site/detail_product/R221081/0/20/0/0/0,Cereal based,per 100g,"{""dg"":"""",""dc"":""""}",R221081,46.4767,222.3533,5.1967,4.2733,40.7767,1.7833,1.4933,,,,,,,,,,,,,
"RICE, BRIYANI (RICE ONLY) (BASMATHI RICE)",MyFCD,https://myfcd.moh.gov.my/myfcdcurrent/index.php/site/detail_product/R221083/0/20/0/0/0,Cereal based,per 100g,"{""dg"":"""",""dc"":""""}",R221083,57.1333,190.4533,2.5933,5.96,31.61,1.2667,1.4367,,,,,,,,,,,,,
"RICE, KERABU (NASI KERABU)(COMPLETE SET)",MyFCD,https://myfcd.moh.gov.my/myfcdcurrent/index.php/site/detail_product/R221088/0/20/0/0/0,Cereal based,per 100g,"{""dg"":"""",""dc"":""""}",R221088,47.09,208.9867,4.0033,2.9867,41.5233,2.8233,1.5733,,,,,,,,,,,,,
"RICE, BRIYANI (AYAM)",MyFCD,https://myfcd.moh.gov.my/myfcdcurrent/index.php/site/detail_product/R221107/0/20/0/0/0,Cereal based,per 100g,"{""dg"":"""",""dc"":""""}",R221107,64.3133,158.6567,3.2367,5.3633,24.36,1.27,1.4567,,,,,,,,,,,,,
"RICE, BRIYANI (DAGING)",MyFCD,https://myfcd.moh.gov.my/myfcdcurrent/index.php/site/detail_product/R221108/0/20/0/0/0,Cereal based,per 100g,"{""dg"":"""",""dc"":""""}",R221108,57.6133,194.5667,7.85,8.0733,37.07,1.7833,2.0533,,,,,,,,,,,,,
NASI ARAB SET KHABSYAH (KAMBING),MyFCD,https://myfcd.moh.gov.my/myfcdcurrent/index.php/site/detail_product/R221109/0/20/0/0/0,Cereal based,per 100g,"{""dg"":"""",""dc"":""""}",R221109,56.2633,205.6133,3.59,7.9333,29.9633,0.8,1.45,,,,,,,,,,,,,
NASI ARAB SET MANDY (AYAM),MyFCD,https://myfcd.moh.gov.my/myfcdcurrent/index.php/site/detail_product/R221110/0/20/0/0/0,Cereal based,per 100g,"{""dg"":"""",""dc"":""""}",R221110,64.9767,147.64,3.7367,3.8425,24.5267,1.1333,1.7833,,,,,,,,,,,,,
"RICE, ""DAGANG"" (NASI DAGANG)(RICE ONLY)",MyFCD,https://myfcd.moh.gov.my/myfcdcurrent/index.php/site/detail_product/R221113/0/20/0/0/0,Cereal based,per 100g,"{""dg"":"""",""dc"":""""}",R221113,54.6433,125.1448,3.2667,1.89,38.2933,0.8,1.1067,,,,,,,,,,,,,
BEEF RENDANG (RENDANG DAGING LEMBU),MyFCD,https://myfcd.moh.gov.my/myfcdcurrent/index.php/site/detail_product/R222004/0/20/0/0/0,Meat dishes,per 100g,"{""dg"":"""",""dc"":""""}",R222004,35.52,360.1,18.7567,23.46,18.4833,2.9333,0.8467,,,,,,,,,,,,,
"BEEF, FLOSS (SERUNDING DAGING)",MyFCD,https://myfcd.moh.gov.my/myfcdcurrent/index.php/site/detail_product/R222008/0/20/0/0/0,Meat dishes,per 100g,"{""dg"":"""",""dc"":""""}",R222008,6.8167,434.8533,23.0767,20.2533,40.0667,8.0,1.7867,,,,,,,,,,,,,
CHICKEN CHOP (BELAHAN AYAM TANPA TULANG),MyFCD,https://myfcd.moh.gov.my/myfcdcurrent/index.php/site/detail_product/R222022/0/20/0/0/0,Meat dishes,per 100g,"{""dg"":"""",""dc"":""""}",R222022,47.42,263.6567,16.9,15.4967,14.1467,5.5667,0.47,,,,,,,,,,,,,
CHICKEN SATAY (SATAY AYAM),MyFCD,https://myfcd.moh.gov.my/myfcdcurrent/index.php/site/detail_product/R222029/0/20/0/0/0,Meat dishes,per 100g,"{""dg"":"""",""dc"":""""}",R222029,32.876,187.2167,28.3233,11.7733,5.28,34.0333,1.0033,,,,,,,,,,,,,
"ANCHOVY, DRIED, FRIED IN CHILLI (IKAN BILIS SAMBAL)",MyFCD,https://myfcd.moh.gov.my/myfcdcurrent/index.php/site/detail_product/R223003/0/20/0/0/0,Fish and sea-food dishes,per 100g,"{""dg"":"""",""dc"":""""}",R223003,22.0333,364.7433,16.2067,21.3833,26.8667,12.11,1.4,,,,,,,,,,,,,
"CATFISH, FRIED IN CHILLI (IKAN KELI GORENG BERLADA)",MyFCD,https://myfcd.moh.gov.my/myfcdcurrent/index.php/site/detail_product/R223015/0/20/0/0/0,Fish and sea-food dishes,per 100g,"{""dg"":"""",""dc"":""""}",R223015,29.2433,424.97,16.2667,31.9567,18.0733,3.4,1.06,,,,,,,,,,,,,
"COCKLES, BOILED (KERANG REBUS)",MyFCD,https://myfcd.moh.gov.my/myfcdcurrent/index.php/site/detail_product/R223019/0/20/0/0/0,Fish and sea-food dishes,per 100g,"{""dg"":"""",""dc"":""""}",R223019,68.02,135.8233,14.7433,2.1833,14.3,0.7,0.0533,,,,,,,,,,,,,
"CRAB, IN COCONUT MILK (KETAM MASAK LEMAK CILI API)",MyFCD,https://myfcd.moh.gov.my/myfcdcurrent/index.php/site/detail_product/R223027/0/20/0/0/0,Fish and sea-food dishes,per 100g,"{""dg"":"""",""dc"":""""}",R223027,76.9067,116.6467,9.69,5.9133,6.1667,1.3,0.0233,,,,,,,,,,,,,
"CUTTLEFISH, DRIED, FRIED IN CHILLI (SAMBAL SOTONG KERING)",MyFCD,https://myfcd.moh.gov.my/myfcdcurrent/index.php/site/detail_product/R223030/0/20/0/0/0,Fish and sea-food dishes,per 100g,"{""dg"":"""",""dc"":""""}",R223030,39.9667,283.44,15.45,16.2933,18.75,8.8333,0.7067,,,,,,,,,,,,,
"STINGRAY, COOKED IN TAMARIND (IKAN PARI MASAK ASAM PEDAS)",MyFCD,https://myfcd.moh.gov.my/myfcdcurrent/index.php/site/detail_product/R223080/0/20/0/0/0,Fish and sea-food dishes,per 100g,"{""dg"":"""",""dc"":""""}",R223080,69.0167,114.9567,21.6833,2.5833,2.565,4.0667,1.4067,,,,,,,,,,,,,
"CABBAGE, FRIED (KOBIS GORENG)",MyFCD,https://myfcd.moh.gov.my/myfcdcurrent/index.php/site/detail_product/R224014/0/20/0/0/0,Vegetable dishes,per 100g,"{""dg"":"""",""dc"":""""}",R224014,73.44,159.0967,2.5067,11.6833,10.98,1.3667,0.0233,,,,,,,,,,,,,
KALE WITH SALTED FISH (KAILAN IKAN MASIN),MyFCD,https://myfcd.moh.gov.my/myfcdcurrent/index.php/site/detail_product/R224026/0/20/0/0/0,Vegetable dishes,per 100g,"{""dg"":"""",""dc"":""""}",R224026,48.9867,287.5267,8.23,20.58,17.3467,4.8,0.0567,,,,,,,,,,,,,
"MIX VEGETABLES, STIR FRIED (SAYUR CAMPUR GORENG)",MyFCD,https://myfcd.moh.gov.my/myfcdcurrent/index.php/site/detail_product/R224034/0/20/0/0/0,Vegetable dishes,per 100g,"{""dg"":"""",""dc"":""""}",R224034,66.4667,146.55,4.4,6.39,17.86,4.8533,0.03,,,,,,,,,,,,,
"SPINACH, (BAYAM MASAK AIR)",MyFCD,https://myfcd.moh.gov.my/myfcdcurrent/index.php/site/detail_product/R224046/0/20/0/0/0,Vegetable dishes,per 100g,"{""dg"":"""",""dc"":""""}",R224046,78.99,91.21,3.4567,2.41,13.9233,0.87,0.35,,,,,,,,,,,,,
"SWAMP CABBAGE, FRIED WITH BELACAN (KANGKUNG GORENG BELACAN)",MyFCD,https://myfcd.moh.gov.my/myfcdcurrent/index.php/site/detail_product/R224048/0/20/0/0/0,Vegetable dishes,per 100g,"{""dg"":"""",""dc"":""""}",R224048,74.8767,132.2933,3.59,7.9333,11.6333,1.3667,0.6,,,,,,,,,,,,,
"TRADITIONAL MALAYSIAN KUIH, SWEET FERMENTED TAPIOCA (TAPAI UBI KAYU)",MyFCD,https://myfcd.moh.gov.my/myfcdcurrent/index.php/site/detail_product/R224049/0/20/0/0/0,Vegetable dishes,per 100g,"{""dg"":"""",""dc"":""""}",R224049,32.4397,248.5133,0.85,0.2033,60.8167,3.8567,1.83,,,,,,,,,,,,,
ROJAK PASTE,MyFCD,https://myfcd.moh.gov.my/myfcdcurrent/index.php/site/detail_product/R225015/0/20/0/0/0,Miscellaneous,per 100g,"{""dg"":"""",""dc"":""""}",R225015,,,,,,,,,,,,,,,,,,,,
"COFFEE, WITH MILK AND SUGAR, FROM MAMAK STALLS",MyFCD,https://myfcd.moh.gov.my/myfcdcurrent/index.php/site/detail_product/R225024/0/20/0/0/0,Miscellaneous,per 100g,"{""dg"":"""",""dc"":""""}",R225024,48.123,207.01,0.172,0.0183,51.54,,0.1477,,,,,,,,,,,,,
"PEARL MILK TEA (WITH BREWED TEA, MILK, SUGAR SYRUP, TAPIOCA PEARLS), NORMAL SUGAR",MyFCD,https://myfcd.moh.gov.my/myfcdcurrent/index.php/site/detail_product/R237013/0/20/0/0/0,Miscellaneous,per 100g,"{""dg"":"""",""dc"":""""}",R237013,,,,,,,,,,,,,,,,,,,,
"ICE CHOCOLATE BLENDED, WITH WHIPPING CREAM",MyFCD,https://myfcd.moh.gov.my/myfcdcurrent/index.php/site/detail_product/R237014/0/20/0/0/0,Miscellaneous,per 100g,"{""dg"":"""",""dc"":""""}",R237014,82.55,201.082,0.6767,0.11,49.716,0.2,0.27,,,,,,,,,,,,,
